No,Badan Publik,Provinsi/Kabupaten/Kota,Tahun,Kualifikasi
1,Dinas Komunikasi dan Informatika Kabupaten Badung, Badung,2024,Informatif
2,"Dinas Komunikasi, Informatika, Persandian dan Statistik Kabupaten Buleleng", Buleleng,2024,Informatif
3,Dinas Komunikasi dan Informatika Kabupaten Jembrana, Jembrana,2024,Informatif
4,"Dinas Komunikasi, Informatika dan Statistik Kota Denpasar",Denpasar,2024,Informatif
5,Dinas Komunikasi dan Informatika Kabupaten Tabanan, Tabanan,2024,Informatif
6,Dinas Komunikasi dan Informatika Kabupaten Klungiung, Klungkung,2024,Informatif
7,Dinas Komunikasi dan Informatika Kabupaten Gianyar, Gianyar,2024,Informatif
8,Dinas Komunikasi dan Informatika Kabupaten Karangasem, Karangasem,2024,Informatif
9,Dinas Komunikasi dan Informatika Kabupaten Bangli, Bangli,2024,Informatif
10,Sekretariat DPRD Provinsi Bali,Provinsi,2024,Informatif
11,Dinas Kesehatan Provinsi Bali,Provinsi,2024,Informatif
12,Dinas Pemajuan Masyarakat Adat Provinsi Bali,Provinsi,2024,Informatif
13, Dinas Pariwisata Provinsi Bali,Provinsi,2024,Informatif
14,Badan Penghubung Provinsi Bali,Provinsi,2024,Menuju Informatif
15,Biro Umum dan Protokol Sekretariat Daerah Provinsi Bali,Provinsi,2024,Cukup Informatif
16,DinasKebudayaan Provinsi Bali,Provinsi,2024,Cukup Informatif
17,Dinas Kelautandan Perikanan Provinsi Bali,Provinsi,2024,Cukup Informatif
18,Dinas Perindustrian dan Perdagangan Kota Denpasar,Denpasar,2024,Informatif
19,Dinas Perindustrian dan Tenaga Kerja Kabupaten Badung, Badung,2024,Informatif
20,Inspektorat Daerah Kabupaten Buleleng, Buleleng,2024,Informatif
21,"Dinas Pemberdayaan Perempuan, Perlindungan Anak dan Pengendalian Penduduk, dan Keluarga Berencana Kabupaten Gianyar", Gianyar,2024,Informatif
22,Dinas Perhubungan Kota Denpasar,Denpasar,2024,Informatif
23,Sekretariat Dewan Perwakilan Rakyat Daerah Kabupaten Badung, Badung,2024,Informatif
24,Sekretariat Dewan Perwakilan Rakyat Daerah Kota Denpasar,Denpasar,2024,Informatif
25,"Dinas Koperasi, Usaha Kecil dan Menengah dan Perdagangan Kabupaten Jembrana", Jembrana,2024,Informatif
26,Badan Perencanaan Pembangunan Daerah Kabupaten Klungkung, Klungkung,2024,Informatif
27,Inspektorat Daerah Kabupaten Gianyar, Gianyar,2024,Informatif
28,Inspektorat Daerah Kabupaten Jembrana, Jembrana,2024,Informatif
29,Dinas Perumahan Rakyat dan Kawasan Permukiman Kabupaten Badung, Badung,2024,Informatif
30,Dinas Kebakaran dan Penyelamatan Kabupaten Badung, Badung,2024,Informatif
31,Dinas Perpustakaan dan Kearsipan Kota Denpasar,Denpasar,2024,Menuju Informatif
32,Dinas Kearsiapan dan Perpustakaan Kabupaten Badung, Badung,2024,Menuju Informatif
33,Dinas Perhubungan Kabupaten Badung, Badung,2024,Menuju Informatif
34,Dinas Kependudukan dan Pencatatan Sipil Kabupaten Badung,Kabupaten Badung,2024,Menuju Informatif
35,Badan Riset dan Inovasi Daerah Kota Denpasar,Denpasar,2024,Menuju Informatif
36,Badan Pengelolaan Keuangan dan Aset Daerah Kota Denpasar,Denpasar,2024,Menuju Informatif
37,Inspektorat Daerah Kota Denpasar,Denpasar,2024,Menuju Informatif
38,"Dinas Pemberdayaan Perempuan dan Perlindungan Anak. Pengendalian Penduduk dan Keluarga Berencana
Kota Denpasar",Denpasar,2024,Menuju Informatif
39,Dinas Kebudayaan Kabupaten Tabanan, Tabanan,2024,Menuju Informatif
40,Inspektorat Kabupaten Bangli, Bangli,2024,Menuju Informatif
41,Dinas Kearsipan dan Perpustakaan Kabupaten Klungkung, Klungkung,2024,Menuju Informatif
42,Satuan Polisi Pamong Paraja Kabupaten Buleleng, Buleleng,2024,Menuju Informatif
43,Dinas Sosial Kabupaten Buleleng, Buleleng,2024,Menuju Informatif
44,Dinas Pemadam Kebakaran dan Penyelamatan Kabupaten Buleleng, Buleleng,2024,Menuju Informatif
45,Badan Perencanaan Pembangunan Daerah Kabupaten Buleleng, Buleleng,2024,Menuju Informatif
46,Badan Kesatuan Bangsa dan Politik Kabupaten Badung, Badung,2024,Menuju Informatif
47,Dinas Arsip dan Perpustakaan Daerah Kabupaten Buleleng, Buleleng,2024,Menuju Informatif
48,Badan Kesatuan Bangsa dan Politik Kabupaten Buleleng, Buleleng,2024,Menuju Informatif
49,"Dinas Sosial Pemberdayaan Perempuan dan Perlindungan Anak, Pengendalian Penduduk dan Keluarga Berencana Kabupaten Karangasem", Karangasem,2024,Menuju Informatif
50,Badan Riset dan Inovasi Daerah Kabupaten Bangli, Bangli,2024,Menuju Informatif
51,Badan Kesatuan Bangsa Dan Politik Kabupaten Tabanan, Tabanan,2024,Menuju Informatif
52,"Dinas Pemberdayaan Perempuan dan Perlindungan Anak, Pengendalian Penduduk dan Keluarga Berencana Kabupaten Jembrana", Jembrana,2024,Menuju Informatif
53,Dinas Lingkungan Hidup Kabupaten Jembrana, Jembrana,2024,Menuju Informatif
54,"Dinas Perhubungan, Kelautan dan Perikanan Kabupaten Jembrana", Jembrana,2024,Menuju Informatif
55,"Dinas Pengendalian Penduduk, Keluarga Berencana, Pemberdayaan Perempuan dan Perlindungan Anak Kabupaten Buleleng", Buleleng,2024,Menuju Informatif
56,Sekretariat Dewan Perwakilan Rakyat Daerah Kabupaten Jembrana, Jembrana,2024,Menuju Informatif
57,Badan Kesatuan Bangsa Dan Politik Kabupaten Jembrana, Jembrana,2024,Menuju Informatif
58,Dinas Perpustakaan dan Kearsipan Kabupaten Gianyar, Gianyar,2024,Cukup Informatif
59,Dinas Kependudukan dan Pencatatan Sipil Kabupaten Bangli, Bangli,2024,Cukup Informatif
60,Sekretariat Dewan Perwakilan Rakyat Daerah Kabupaten Gianyar, Gianyar,2024,Cukup Informatif
61,Dinas Perhubungan Kabupaten Klungkung, Klungkung,2024,Cukup Informatif
62,Dinas Perhubungan Kabupaten Gianyar, Gianyar,2024,Cukup Informatif
63,Inspektorat Daerah Kabupaten Badung, Badung,2024,Cukup Informatif
64,Dinas Perhubungan Kabupaten Buleleng, Buleleng,2024,Cukup Informatif
65,Dinas Kependudukan dan Pencatatan Sipil Kabupaten Gianyar, Gianyar,2024,Cukup Informatif
66,Badan Kesatuan Bangsa dan Politik Kota Denpasar,Denpasar,2024,Cukup Informatif
67,Badan Riset dan Inovasi Daerah Kabupaten Klungkung, Klungkung,2024,Cukup Informatif
68,Dinas Perikanan Kabupaten Badung, Badung,2024,Cukup Informatif
69,Inspektorat Daerah Kabupaten Klungkung, Klungkung,2024,Cukup Informatif
70,Sekretariat Dewan Perwakilan Rakyat Daerah Kabupaten Bangli, Bangli,2024,Cukup Informatif
71,Dinas Perhubungan Kabupaten Tabanan, Tabanan,2024,Cukup Informatif
72,Badan Perencanaan Daerah Kabupaten Karangasem, Karangasem,2024,Cukup Informatif
73,Dinas Kebudayaan Kabupaten Klungkung, Klungkung,2024,Cukup Informatif
74,Dinas Ketahanan Pangan dan Perikanan Kabupaten Klungkung, Klungkung,2024,Cukup Informatif
75,Badan Riset dan Inovasi Daerah Kabupaten Buleleng, Buleleng,2024,Cukup Informatif
76,Badan Kesatuan Bangsa dan Politik Kabupaten Bangli, Bangli,2024,Cukup Informatif
77,Inspektorat Daerah Kabupaten Tabanan, Tabanan,2024,Kurang Informatif
78,Dinas Perindustrian dan Perdagangan Kabupaten Tabanan, Tabanan,2024,Kurang Informatif
79,Dinas Perpustakaan dan Arsip Kabupaten Tabanan, Tabanan,2024,Kurang Informatif
80,Badan Kesatuan Bangsa dan Politik Kabupaten Gianyar, Gianyar,2024,Kurang Informatif
81,Dinas Perhubungan Kabupaten Bangli, Bangli,2024,Kurang Informatif
82,Dinas Perikanan Kabupaten Tabanan, Tabanan,2024,Kurang Informatif
83,Dinas Perhubungan Kabupaten Karangasem, Karangasem,2024,Kurang Informatif
84,"Badan Kesatuan Bangsa, Politik dan Perlindungan Masyarakat Kabupaten Klungkung", Klungkung,2024,Kurang Informatif
85,Dinas Pemadam Kebakaran dan Penyelamatan Kabupaten Karangasem, Karangasem,2024,Tidak Informatif
86,Inspektorat Daerah Kabupaten Karangasem, Karangasem,2024,Tidak Informatif
87,"Badan Perencanaan, Penelitian dan Pengembangan Kabupaten Tabanan", Tabanan,2024,Tidak Informatif
88,DinasPerpustakaan dan Kearsipan Kabupaten Karangasem, Karangasem,2024,Tidak Informatif
89,"Dinas Koperasi, Usaha Kecil Menengah, Perindustrian dan Perdagangan Kabupaten Karangasem", Karangasem,2024,Tidak Informatif
90,Dinas Kepemudaan dan Olahraga Kabupaten Gianyar, Gianyar,2024,Tidak Informatif
91,Dinas Perindustrian dan Perdagangan Kaupaten Gianyar, Gianyar,2024,Tidak Informatif
92,Dinas Lingkungan Hidup Kabupaten Tabanan, Tabanan,2024,Tidak Informatif
93,Dinas Pengendalian Pendudukan dan Keluarga Berencana Kabupaten Tabanan, Tabanan,2024,Tidak Informatif
94,"Dinas Pertanian, Pangan dan Perikanan Kabupaten Karangasem", Karangasem,2024,Tidak Informatif
95,BadanKesatuan BangsadanPolitikKabupaten Karangasem, Karangasem,2024,Tidak Informatif
96,Dinas Pariwisata Kabupaten Karangasem, Karangasem,2024,Tidak Informatif
97,Sekretariat Dewan Perwakilan Rakyat Daerah Kabupaten Karangasem, Karangasem,2024,Tidak Informatif
98,Dinas Lingkungan Hidup Kabupaten Karangasem, Karangasem,2024,Tidak Informatif
99,Sekretariat Dewan Perwakilan Rakyat Daerah Kabupaten Klungkung, Klungkung,2024,Tidak Informatif
100,Sekretariat Dewan Perwakilan Rakyat Daerah Kabupaten Tabanan, Tabanan,2024,Tidak Informatif
101,"Desa Dajan Peken, Kecamatan Tabanan Kabupaten Tabanan", Tabanan,2024,Informatif
102,"Desa Kesiman Kertalangu, Kecamatan Denpasar Timur Kota Denpasar",Denpasar,2024,Informatif
103,"Desa Sepang,KecamatanBusungbiu Kabupaten Buleleng", Buleleng,2024,Informatif
104,"Desa Batuagung, Kecamatan Jembrana Kabupaten Jembrana", Jembrana,2024,Informatif
105,"Desa Gulingan, Kecamatan Mengwi Kabupaten Badung", Badung,2024,Informatif
106,"Desa Pemaron, Kecamatan Buleleng Kabupaten Buleleng", Buleleng,2024,Informatif
107,"Desa Tukad Mungga, Kecamatan Buleleng Kabupaten Buleleng", Buleleng,2024,Cukup Informatif
108,"Desa Budeng, Kecamatan Jembrana Kabupaten Jembrana", Jembrana,2024,Cukup Informatif
109,"Desa Taman Bali, Kecamatan Bangli Kabupaten Bangli", Bangli,2024,Cukup Informatif
110,"Desa Gubug, Kecamatan Tabanan Kabupaten Tabanan", Tabanan,2024,Cukup Informatif
111,"Desa Mengwitani, Kecamatan Mengwi Kabupaten Badung", Badung,2024,Cukup Informatif
112,"Desa Bugbug, Kecamatan Karangasem Kabupaten Karangasem", Karangasem,2024,Kurang Informatif
113,"Desa Pengotan, Kecamatan Bangli Kabupaten Bangli", Bangli,2024,Kurang Informatif
114,"Desa Satra, Kecamatan Klungkung Kabupaten Klungkung", Klungkung,2024,Tidak Informatif
115,"Desa Sumerta Kauh, Kecamatan Denpasar Timur Kota Denpasar",Denpasar,2024,Tidak Informatif
116,"Desa Mas, Kecamatan Ubud Kabupaten Gianyar", Gianyar,2024,Tidak Informatif
117,"Desa Pertima, Kecamatan Karangasem Kabupaten Karangasem", Karangasem,2024,Tidak Informatif
118,"Desa Kamasan, Kecamatan Klungkung Kabupaten Klungkung", Klungkung,2024,Tidak Informatif
119,"Desa Sayan, Kecamatan Ubud Kabupaten Gianyar", Gianyar,2024,Tidak Informatif
120,"Kecamatan Denpasar Timur, Kota Denpasar",Denpasar,2024,Menuju Informatif
121,"Kecamatan Buleleng, Kabupaten Buleleng", Buleleng,2024,Menuju Informatif
122,"Kecamatan Jembrana, Kabupaten Jembrana", Jembrana,2024,Menuju Informatif
123,"Kecamatan Mengwi, Kabupaten Badung", Badung,2024,Cukup Informatif
124,"Kecamatan Klungkung, Kabupaten Klungkung", Klungkung,2024,Kurang Informatif
125,"Kecamatan Ubud, Kabupaten Gianyar", Gianyar,2024,Tidak Informatif
126,"Kecamatan Bangli, Kabupaten Bangli", Bangli,2024,Tidak Informatif
127,"Kecamatan Tabanan, Kabupaten Tabanan", Tabanan,2024,Tidak Informatif
128,"Kecamatan Karangasem, Kabupaten Karangasem", Karangasem,2024,Tidak Informatif
129,"Kelurahan Sumerta, Kecamatan Denpasar Timur Kota Denpasar",Denpasar,2024,Menuju Informatif
130,"Kelurahan Banyuasri, Kecamatan Buleleng Kabupaten Buleleng", Buleleng,2024,Menuju Informatif
131,"Kelurahan Bebalang, Kecamatan Bangli Kabupaten Bangli", Bangli,2024,Menuju Informatif
132,"Kelurahan Sangkaragung, Kecamatan Jembrana Kabupaten Jembrana", Jembrana,2024,Menuju Informatif
133,"Kelurahan Sempidi, Kecamatan Mengwi Kabupaten Badung", Badung,2024,Cukup Informatif
134,"Kelurahan Semarapura Tengah, Kecamatan Klungkung Kabupaten Klungkung", Klungkung,2024,Cukup Informatif
135,"Kelurahan Karangasem, Kecamatan Karangasem Kabupaten Karangasem", Karangasem,2024,Tidak Informatif
136,"Kelurahan Ubud, Kecamatan Ubud Kabupaten Gianyar", Gianyar,2024,Tidak Informatif
137,Perumda Air Minum Panca Mahottama Kabupaten Klungkung, Klungkung,2024,Informatif
138,Perumda Pasar Mangu Giri Sedana Kabupaten Badung, Badung,2024,Informatif
139,Bank Pembangunan Daerah Bali,Provinsi,2024,Informatif
140,Perumda Swatantra Kabupaten Buleleng, Buleleng,2024,Informatif
141,Perumda Air Minum Tirta Amertha Jati Kabupaten Jembrana, Jembrana,2024,Menuju Informatif
142,Perumda Dharma Santhika Kabupaten Tabanan, Tabanan,2024,Cukup Informatif
143,Perumda Mandara Giri Kabupaten Gianyar, Gianyar,2024,Cukup Informatif
144,PT. BPR Bank Daerah Bangli, Bangli,2024,Cukup Informatif
145,Perumda Air Minum Tirta Tohlangkir Kabupaten Karangasem, Karangasem,2024,Cukup Informatif
146,Perumda Pasar Sewakadarma Kota Denpasar,Denpasar,2024,Kurang Informatif
147,Perumda Kerta Bali Saguna,Provinsi,2024,Tidak Informatif
148,Rumah Sakit Umum Daerah Sanjiwani Kabupaten Gianyar, Gianyar,2024,Informatif
149,Rumah Sakit Umum Daerah Kabupaten Buleleng, Buleleng,2024,Informatif
150,Rumah Sakit Mata Bali Mandara Provinsi Bali,Provinsi,2024,Informatif
151,Rumah Sakit Umum Daerah Kabupaten Klungkung, Klungkung,2024,Informatif
152,Rumah Sakit Umum Negara Kabupaten Jembrana, Jembrana,2024,Informatif
153,Rumah Sakit Daerah Mangusada Kabupaten Badung, Badung,2024,Informatif
154,Rumah Sakit Bali Mandara Provinsi Bali,Provinsi,2024,Informatif
155,Rumah Sakit Umum Daerah Wangaya Kota Denpasar,Denpasar,2024,Informatif
156,Rumah Sakit Umum Daerah Bangli Kabupaten Bangli, Bangli,2024,Informatif
157,Rumah Sakit Gema Santi Nusa Penida Kabupaten Klungkung, Klungkung,2024,Menuju Informatif
158,Rumah Sakit Umum Daerah Singasana Kabupaten Tabanan, Tabanan,2024,Menuju Informatif
159,Rumah Sakit Umum Daerah Kabupaten Tabanan, Tabanan,2024,Cukup Informatif
160,Rumah Sakit Umum Daerah Kabupaten Karangasem, Karangasem,2024,Cukup Informatif
161,Rumah Sakit Pratama (Kubu) Kabupaten Karangasem, Karangasem,2024,Tidak Informatif
162,Kepolisian Daerah Bali,Provinsi,2023,Tidak Dapat Dinilai
163,BPJS Ketenagakerjaan Kanwil BANUSPА,Provinsi,2023,Tidak Dapat Dinilai
164,Dinas Pariwisata Provinsi Bali,Provinsi,2023,Tidak Informatif
165,Rumah Sakit Mata Bali Mandara Provinsi Bali,Provinsi,2023,Tidak Informatif
166,Sekretariat DPRD Provinsi Bali,Provinsi,2023,Tidak Informatif
167,Dinas Kesehatan Provinsi Bali,Provinsi,2023,Tidak Informatif
168,Biro Umum dan Protokol Sekretariat Daerah Provinsi Bali,Provinsi,2023,Tidak Informatif
169,Badan Penghubung Provinsi Bali,Provinsi,2023,Tidak Informatif
170,Dinas Kelautan dan Perikanan Provinsi Bali,Provinsi,2023,Tidak Informatif
171,Dinas Pemajuan Masyarakat Adat Provinsi Bali,Provinsi,2023,Tidak Informatif
172,Rumah Sakit Bali Mandara Provinsi Bali,Provinsi,2023,Tidak Informatif
173,Dinas Kebudayaan Provinsi Bali,Provinsi,2023,Tidak Informatif
174,Dinas Sosial Kabupaten Buleleng, Buleleng,2023,Tidak Informatif
175,"Desa Perancak, Kec. Jembrana", Jembrana,2023,Tidak Informatif
176,"Desa Bengkel, Kec Kediri,Tabanan", Jembrana,2023,Tidak Informatif
177,Perumda Pasar Sewakadarma Kota Denpasar,Denpasar,2023,Tidak Informatif
178,Perumda Tirta Tohlangkir Kabupaten Karangasem, Karangasem,2023,Tidak Informatif
179,Perumda Kerta Bali Saguna,Provinsi,2023,Tidak Informatif
180,Perumda Mandara Giri Kabupaten Gianyar, Gianyar,2023,Kurang Informatif
181,Badan Riset dan Inovasi Daerah Provinsi Bali,Provinsi,2023,Kurang Informatif
182,"Dinas Pendidikan, Pemuda dan Olah Raga Kabupaten Klungkung", Klungkung,2023,Kurang Informatif
183,Dinas Kependudukan dan Catatan Sipil Kabupaten Tabanan, Tabanan,2023,Kurang Informatif
184,Kantor Kementerian Agama Provinsi Bali,Provinsi,2023,Cukup Informatif
185,Pengadilan Tinggi Bali,Provinsi,2023,Cukup Informatif
186,Kejaksaan Tinggi Bali,Provinsi,2023,Cukup Informatif
187,"Dinas Pendidikan, Kepemudaan dan Olahraga Provinsi Bali",Provinsi,2023,Cukup Informatif
188,Satuan Polisi Pamong Praja Provinsi Bali,Provinsi,2023,Cukup Informatif
189,"Dinas Sosial, Pemberdayaan Perempuan dan Perlindungan Anak Provinsi Bali",Provinsi,2023,Cukup Informatif
190,Dinas Kehutanan dan Lingkungan Hidup Provinsi Bali,Provinsi,2023,Cukup Informatif
191,Dinas Ketenagakerjaan dan Energi Sumber Daya Mineral Provinsi Bali,Provinsi,2023,Cukup Informatif
192,Badan Penanggulangan Bencana Daerah Provinsi Bali,Provinsi,2023,Cukup Informatif
193,Biro Organisasi Sekretariat Daerah Provinsi Bali,Provinsi,2023,Cukup Informatif
194,Dinas Penanaman Modal dan Pelayanan Terpadu Satu Pintu Provinsi Bali,Provinsi,2023,Cukup Informatif
195,"Dinas Pemberdayaan Masyarakat, Desa, Kependudukan dan Pencatatan Sipil Provinsi Bali",Provinsi,2023,Cukup Informatif
196,Badan Kepegawaian dan Pengembangan Sumber Daya Manusia Provinsi Bali,Provinsi,2023,Cukup Informatif
197,"Dinas Pendidikan, Kepemudaan dan Olahraga Kabupaten Karangasem", Karangasem,2023,Cukup Informatif
198,Dinas Kesehatan Kota Denpasar,Denpasar,2023,Cukup Informatif
199,Dinas Kesehatan Kabupaten Tabanan, Tabanan,2023,Cukup Informatif
200,Dinas Sosial Kota Denpasar,Denpasar,2023,Cukup Informatif
201,Dinas Kesehatan Kabupaten Karangasem, Karangasem,2023,Cukup Informatif
202,"Dinas Pendidikan, Pemuda dan Olah Raga Kabupaten Bangli", Bangli,2023,Cukup Informatif
203,"Desa Tembuku, Kec. Tembuku", Bangli,2023,Cukup Informatif
204,"Desa Panji, Kec. Sukasada", Buleleng,2023,Cukup Informatif
205,"Desa Petak Kaja, Kec. Gianyar", Gianyar,2023,Cukup Informatif
206,"Desa Aan, Kec. Banjarangkan", Klungkung,2023,Cukup Informatif
207,"Desa Delod Peken, Kec. Tabanan", Tabanan,2023,Cukup Informatif
208,"Desa Tegallinggah, Kec. Karangasem", Karangasem,2023,Cukup Informatif
209,Perumda Pasar Mangu Giri Sedana Kabupaten Badung, Badung,2023,Cukup Informatif
210,Perumda Tirta Dharma (PDAM) Kabupaten Bangli, Bangli,2023,Cukup Informatif
211,Perumda Air Minum Tirta Amertha Jati Kabupaten Jembrana, Jembrana,2023,Cukup Informatif
212,PT. Bank Daerah Bangli, Bangli,2023,Cukup Informatif
213,Perumda Air Minum Tirta Amertha Buana Kabupaten Tabanan, Tabanan,2023,Cukup Informatif
214,Perumda Bhukti Praja Sewakadarma Kota Denpasar,Denpasar,2023,Cukup Informatif
215,Perumda Air Minum Tirta Sewakadarma Kota Denpasar,Denpasar,2023,Cukup Informatif
216,Perumda Dharma Santhika Kabupaten Tabanan, Tabanan,2023,Cukup Informatif
217,Dinas Komunikasi dan Informatika Kabupaten Karangasem, Karangasem,2023,Menuju Informatif
218,Dinas Komunikasi dan Informatika Kabupaten Tabanan, Tabanan,2023,Menuju Informatif
219,Badan Kesatuan Bangsa dan Politik Provinsi Bali,Provinsi,2023,Menuju Informatif
220,Badan Pengelola Keuangan dan Aset Daerah Provinsi Bali,Provinsi,2023,Menuju Informatif
221,Rumah Sakit Jiwa Provinsi Bali,Provinsi,2023,Menuju Informatif
222,Dinas Pertanian dan Ketahanan Pangan Provinsi Bali,Provinsi,2023,Menuju Informatif
223,Badan Pendapatan Daerah Provinsi Bali,Provinsi,2023,Menuju Informatif
224,Dinas Pendidikan Kabupaten Gianyar, Gianyar,2023,Menuju Informatif
225,"Dinas Pekerjaaan Umum dan Penataan Ruang, Perumahan Rakyat dan Kawasan Permukiman, Kabupaten Karangasem", Karangasem,2023,Menuju Informatif
226,Dinas Sosial Kabupaten Gianyar, Gianyar,2023,Menuju Informatif
227,"Dinas Pendidikan, Kepemudaan dan Olah Raga Kabupaten Jembrana", Jembrana,2023,Menuju Informatif
228,Dinas Kesehatan Kabupaten Gianyar, Gianyar,2023,Menuju Informatif
229,Dinas Kesehatan Kabupaten Jembrana, Jembrana,2023,Menuju Informatif
230,Dinas Pekerjaan Umum dan Penataan Ruang Kabupaten Badung, Badung,2023,Menuju Informatif
231,Dinas Pekerjaaan Umum dan Penataan Ruang Kota Denpasar,Denpasar,2023,Menuju Informatif
232,Dinas Kependudukan dan Pencatatan Sipil Kabupaten Badung, Badung,2023,Menuju Informatif
233,"Dinas Pekerjaan Umum, Penataan Ruang, Perumahan dan Kawasan Permukiman Kabupaten Klungkung", Klungkung,2023,Menuju Informatif
234,"Desa Katung, Kec Kintamani", Bangli,2023,Menuju Informatif
235,"Desa Bengkala, Kec. Kubutambahan", Buleleng,2023,Menuju Informatif
236,"Desa Taro, Kec. Tegallalang", Gianyar,2023,Menuju Informatif
237,"Desa Gunaksa, Kec. Dawan", Klungkung,2023,Menuju Informatif
238,Perseroda Bank Buleleng 45, Buleleng,2023,Menuju Informatif
239,Perumda Tirta Hita Kabupaten Buleleng, Buleleng,2023,Menuju Informatif
240,Perumda Air Minum Tirta Mangutama Kabupaten Badung, Badung,2023,Menuju Informatif
241,Perumda Pasar Argha Nayottama Kabupaten Buleleng, Buleleng,2023,Menuju Informatif
242,Perumda Swatantra Kabupaten Buleleng, Buleleng,2023,Menuju Informatif
243,Perumda Air Minum Panca Mahottama Kabupaten Klungkung, Klungkung,2023,Menuju Informatif
244,Badan Pusat Statistik Provinsi Bali,Provinsi,2023,Informatif
245,Kantor Wilayah Badan Pertanahan Nasional Provinsi Bali,Provinsi,2023,Informatif
246,Badan Pengawas Pemilu Provinsi Bali,Provinsi,2023,Informatif
247,Komisi Pemilihan Umum Provinsi Bali,Provinsi,2023,Informatif
248,"BPJS Kesehatan Kedeputian Bali, NTB. NTT",Provinsi,2023,Informatif
249,Dinas Komunikasi dan Informatika Kabupaten Badung, Badung,2023,Informatif
250,"Dinas Komunikasi, Informatika, Persandian, dan Statistik Kabupaten Buleleng", Buleleng,2023,Informatif
251,Dinas Komunikasi dan Informatika Kabupaten Gianyar, Gianyar,2023,Informatif
252,"Dinas Komunikasi, Informatika dan Statistik Kota Denpasar",Denpasar,2023,Informatif
253,Dinas Komunikasi dan Informatika Kabupaten Jembrana, Jembrana,2023,Informatif
254,"Dinas Komunikasi, Informatika, dan Persandian Kabupaten Bangli", Bangli,2023,Informatif
255,Dinas Komunikasi dan Informatika Kabupaten Klungkung, Klungkung,2023,Informatif
256,Dinas Perindustrian dan Perdagangan Provinsi Bali,Provinsi,2023,Informatif
257,Biro Hukum Sekretariat Daerah Provinsi Bali,Provinsi,2023,Informatif
258,"Dinas Pekerjaan Umum, Penataan Ruang, Perumahan dan Kawasan Permukiman Provinsi Bali",Provinsi,2023,Informatif
259,"Dinas Koperasi, Usaha Kecil, dan Menengah Provinsi Bali",Provinsi,2023,Informatif
260,Inspektorat Provinsi Bali,Provinsi,2023,Informatif
261,Biro Pengadaan Barang dan Jasa Sekretariat Daerah Provinsi Bali,Provinsi,2023,Informatif
262,Badan Perencanaan Pembangunan Daerah Provinsi Bali,Provinsi,2023,Informatif
263,Biro Pemerintahan dan Kesejahteraan Rakyat Sekretariat Daerah Provinsi Bali,Provinsi,2023,Informatif
264,Dinas Perhubungan Provinsi Bali,Provinsi,2023,Informatif
265,Dinas Kesehatan Kabupaten Buleleng, Buleleng,2023,Informatif
266,Dinas Kesehatan Kabupaten Badung, Badung,2023,Informatif
267,Dinas Kesehatan Kabupaten Klungkung, Klungkung,2023,Informatif
268,Dinas Pendidikan Kabupaten Tabanan, Tabanan,2023,Informatif
269,"Dinas Pendidikan, Pemuda dan Olahraga Kabupaten Buleleng", Buleleng,2023,Informatif
270,"Dinas Kesehatan, Kabupaten Bangli", Bangli,2023,Informatif
271,Dinas Sosial Kabupaten Jembrana, Jembrana,2023,Informatif
272,"Dinas Sosial, Pemberdayaan Perempuan dan Perlindungan Anak Kabupaten Bangli", Bangli,2023,Informatif
273,"Desa Dalung, Kec. Kuta Utara", Badung,2023,Informatif
274,"Desa Ekasari, Kec. Melaya", Jembrana,2023,Informatif
275,"Desa Nyuhtebel, Kec. Manggis", Karangasem,2023,Informatif
276,"Desa Bongkasa, Kec. Abiansemal", Badung,2023,Informatif
277,"Desa Sanur Kauh, Kec. Denpasar Selatan",Denpasar,2023,Informatif
278,"Desa Dangin Puri Kangin, Kec. Denpasar Utara",Denpasar,2023,Informatif
279,Perumda Air Minum Tirta Sanjiwani Kabupaten Gianyar, Gianyar,2023,Informatif
280,PT. BPR Bank Daerah Gianyar (Perseroda), Gianyar,2023,Informatif
281,PT. Jamkrida Bali Mandara (Perseroda),Provinsi,2023,Informatif
282,Badan Penanggulangan Bencana Daerah,Provinsi,2025,Informatif
283,Badan Penghubung,Provinsi,2025,Informatif
284,Biro Organisasi Sekretariat Daerah,Provinsi,2025,Informatif
285,"Dinas Pendidikan, Kepemudaan dan Olahraga",Provinsi,2025,Informatif
286,Dinas Kebudayaan,Provinsi,2025,Informatif
287,Satuan Polisi Pamong Praja,Provinsi,2025,Informatif
288,Dinas Kehutanan dan Lingkungan Hidup,Provinsi,2025,Informatif
289,Biro Umum Setda,Provinsi,2025,Informatif
290,Badan Kesatuan Bangsa dan Politik,Provinsi,2025,Informatif
291,"Badan Kepegawaian Pengembangan Sumber
dan Daya Manusia",Provinsi,2025,Informatif
292,Dinas Kelautan dan Perikanan,Provinsi,2025,Menuju Informatif
293,"Dinas Pemberdayaan Masyarakat, Desa, Kependudukan dan Pencatatan Sipil",Provinsi,2025,Menuju Informatif
294,"Dinas Pertanian dan Ketahanan
Pangan",Provinsi,2025,Menuju Informatif
295,Badan Riset dan Inovasi,Provinsi,2025,Kurang Informatif
296,"Dinas Komunikasi, Informatika dan Statistik",Denpasar,2025,Informatif
297,Dinas Pemberdayaan Masyarakat dan Desa,Denpasar,2025,Informatif
298,"Dinas Perumahan, Kawasan Permukiman dan Pertanahan",Denpasar,2025,Informatif
299,Badan Pengelola Keuangan dan Aset Daerah,Denpasar,2025,Informatif
300,Badan Riset dan Inovasi Daerah,Denpasar,2025,Informatif
301,"Dinas Pemberdayaan Perempuan dan Perlindungan Anak, Pengendalian
Penduduk dan Keluarga Berencana",Denpasar,2025,Informatif
302,Dinas Sosial,Denpasar,2025,Informatif
303,Inspektorat Daerah,Denpasar,2025,Menuju Informatif
304,Dinas Perpustakaan dan Kearsipan,Denpasar,2025,Menuju Informatif
305,Desa Ubung Kaja,Denpasar,2025,Informatif
306,Desa Peguyangan Kangin,Denpasar,2025,Informatif
307,Desa Tegal Kertha,Denpasar,2025,Informatif
308,Desa Sanur Kauh,Denpasar,2025,Menuju Informatif
309,Kelurahan Sumerta,Denpasar,2025,Menuju Informatif
310,Kecamatan Denpasar Selatan,Denpasar,2025,Informatif
311,Perumda Pasar Sewakadarma,Denpasar,2025,Informatif
312,Dinas Komunikasi dan Informatika, Badung,2025,Informatif
313,Dinas Kebudayaan, Badung,2025,Informatif
314,Dinas Perhubungan, Badung,2025,Informatif
315,Badan Kepegawaian Pengembangan Sumber dan Daya Manusia, Badung,2025,Informatif
316,Inspektorat Kabupaten, Badung,2025,Informatif
317,Dinas Perikanan, Badung,2025,Informatif
318,Dinas Kearsipan dan Perpustakaan, Badung,2025,Informatif
319,Dinas Kependudukan dan Pencatatan Sipil, Badung,2025,Informatif
320,Badan Penanggulangan Bencana Daerah, Badung,2025,Menuju Informatif
321,Badan Kesatuan Bangsa dan Politik, Badung,2025,Menuju Informatif
322,Dinas Lingkungan Hidup dan Kebersihan, Badung,2025,Cukup Informatif
323,"Dinas Pengendalian Penduduk, Keluarga Berencana, Pemberdayaan Perempuan dan Perlindungan Anak", Badung,2025,Kurang Informatif
324,Desa Pecatu, Badung,2025,Informatif
325,Desa Tumbak Bayuh, Badung,2025,Informatif
326,"Kelurahan Sempidi, Kecamatan Mengwi", Badung,2025,Informatif
327,Kecamatan Mengwi, Badung,2025,Informatif
328,"Dinas Komunikasi, dan Informatika", Gianyar,2025,Informatif
329,Dinas Perhubungan, Gianyar,2025,Informatif
330,Dinas Perpustakaan dan Kearsipan, Gianyar,2025,Informatif
331,Dinas Perindustrian dan Perdagangan, Gianyar,2025,Informatif
332,Sekretariat Dewan Perwakilan Rakyat Daerah, Gianyar,2025,Informatif
333,Badan Kesatuan Bangsa dan Politik, Gianyar,2025,Informatif
334,Dinas Kebudayaan, Gianyar,2025,Informatif
335,Dinas Pemberdayaan Masyarakat dan Desa, Gianyar,2025,Menuju Informatif
336,Dinas Pertanian, Gianyar,2025,Cukup Informatif
337,Dinas Kepemudaan dan Olahraga, Gianyar,2025,Cukup Informatif
338,Dinas Lingkungan Hidup, Gianyar,2025,Cukup Informatif
339,"Desa Bona, Kecamatan Blahbatuh", Gianyar,2025,Informatif
340,"Desa Sidan, Kecamatan Gianyar", Gianyar,2025,Informatif
341,Kelurahan Gianyar, Gianyar,2025,Cukup Informatif
342,Kecamatan Blahbatuh, Gianyar,2025,Kurang Informatif
343,Perumda Mandara Giri, Gianyar,2025,Cukup Informatif
344,"Dinas Komunikasi, Informatika dan Persandian", Bangli,2025,Informatif
345,Sekretariat Dewan Perwakilan Rakyat Daerah, Bangli,2025,Informatif
346,Inspektorat Daerah, Bangli,2025,Informatif
347,"Dinas Koperasi, Menengah dan Usaha Tenaga Kecil, Menengah dan Tenaga Kerja", Bangli,2025,Informatif
348,Badan Perencanaan Pembangunan Daerah, Bangli,2025,Informatif
349,Dinas Kependudukan dan Pencatatan Sipil, Bangli,2025,Cukup Informatif
350,Badan Riset dan Inovasi Daerah, Bangli,2025,Cukup Informatif
351,Badan Kesatuan Bangsa dan Politik, Bangli,2025,Cukup Informatif
352,"Badan Keuangan, Pendapatan dan Aset Daerah", Bangli,2025,Cukup Informatif
353,Dinas Perhubungan, Bangli,2025,Kurang Informatif
354,"Dinas Pekerjaan Umum, Penataan Ruang, Perumahan dan Kawasan Pemukiman", Bangli,2025,Tidak Informatif
355,Desa Pengotan, Bangli,2025,Menuju Informatif
356,"Desa Taman Bali, Kecamatan Bangli", Bangli,2025,Menuju Informatif
357,Kelurahan Bebalang Kecamatan Bangli, Bangli,2025,Tidak Informatif
358,Kecamatan Bangli, Bangli,2025,Menuju Informatif
359,Rumah Sakit Jiwa Manah Shanti Mahottama, Bangli,2025,Informatif
360,PT. Bank Perkreditan Rakyat Bank Daerah Bangli, Bangli,2025,Informatif
361,"Dinas Komunikasi, Informatika, Persandian, dan Statistik", Buleleng,2025,Informatif
362,Dinas Arsip dan Perpustakaan Daerah, Buleleng,2025,Informatif
363,Dinas Kebudayaan, Buleleng,2025,Informatif
364,Badan Kesatuan Bangsa dan Politik, Buleleng,2025,Informatif
365,Badan Riset dan Inovasi Daerah, Buleleng,2025,Informatif
366,Satuan Polisi Pamong Praja, Buleleng,2025,Informatif
367,Badan Perencanaan Pembangunan Daerah, Buleleng,2025,Informatif
368,Dinas Perhubungan, Buleleng,2025,Informatif
369,"Dinas Pengendalian Penduduk, Keluarga Berencana, Pemberdayaan Perempuan dan Perlindungan Anak", Buleleng,2025,Informatif
370,Sekretariat Dewan Perwakilan Rakyat, Buleleng,2025,Informatif
371,Dinas Sosial, Buleleng,2025,Cukup Informatif
372,Desa Bakti Seraga, Buleleng,2025,Informatif
373,Desa Panji, Buleleng,2025,Kurang Informatif
374,Kelurahan Banyuasri Kecamatan Buleleng, Buleleng,2025,Menuju Informatif
375,Kecamatan Buleleng, Buleleng,2025,Menuju Informatif
376,PT. Bank Perkreditan Rakyat Bank Buleleng 45, Buleleng,2025,Menuju Informatif
377,"Dinas Komunikasi, dan Informatika", Jembrana,2025,Informatif
378,Badan Kesatuan Bangsa dan Politik, Jembrana,2025,Informatif
379,Badan Penanggulangan Bencana Daerah, Jembrana,2025,Informatif
380,"Dinas Pemberdayaan Perempuan dan Perlindungan Anak, Pengendalian Penduduk dan Keluarga Berencana", Jembrana,2025,Informatif
381,Dinas Pariwisata dan Kebudayaan, Jembrana,2025,Informatif
382,Sekretariat Dewan Perwakilan Rakyat Daerah, Jembrana,2025,Informatif
383,"Dinas Pekerjaan Umum dan Penataan Ruang, Perumahan dan Kawasan Permukiman", Jembrana,2025,Informatif
384,"Dinas Perhubungan, Kelautan dan Perikanan", Jembrana,2025,Informatif
385,Dinas Lingkungan Hidup, Jembrana,2025,Menuju Informatif
386,Dinas Kependudukan dan Pencatatan Sipil, Jembrana,2025,Menuju Informatif
387,Desa Banyu Biru Kecamatan Negara, Jembrana,2025,Informatif
388,Desa Pekutatan Kecamatan Pekutatan, Jembrana,2025,Informatif
389,Kelurahan Sangkar Agung, Jembrana,2025,Informatif
390,Kelurahan Gilimanuk, Jembrana,2025,Menuju Informatif
391,Kecamatan Jembrana, Jembrana,2025,Informatif
392,Perumda Air Minum Tirta Amertha Jati, Jembrana,2025,Informatif
393,"Dinas Komunikasi, dan Informatika", Klungkung,2025,Informatif
394,Dinas Perhubungan, Klungkung,2025,Informatif
395,Badan Riset dan Inovasi Daerah, Klungkung,2025,Informatif
396,Dinas Ketahanan Pangan dan Perikanan, Klungkung,2025,Menuju Informatif
397,Badan Penanggulangan Bencana Daerah, Klungkung,2025,Menuju Informatif
398,Dinas Sosial Pemberdayaan Perempuan dan Perlindungan Anak, Klungkung,2025,Menuju Informatif
399,Dinas Penanaman Modal dan Pelayanan Terpadu Satu Pintu, Klungkung,2025,Cukup Informatif
400,"Dinas Pemberdayaan Masyarakat dan Desa, Pengendalian Penduduk & Keluarga Berencana", Klungkung,2025,Cukup Informatif
401,Inspektorat Daerah, Klungkung,2025,Cukup Informatif
402,Sekretariat Dewan Perwakilan Rakyat Daerah, Klungkung,2025,Cukup Informatif
403,Dinas Kebudayaan, Klungkung,2025,Kurang Informatif
404,"Badan Kesatuan Bangsa, Politik dan Perlindungan Masyarakat", Klungkung,2025,Tidak Informatif
405,Desa Satra Kecamatan Klungkung, Klungkung,2025,Cukup Informatif
406,"Desa Kamasan, Kecamatan Klungkung", Klungkung,2025,Cukup Informatif
407,"Kelurahan Semarapura Tengah, Kecamatan Klungkung", Klungkung,2025,Kurang Informatif
408,Kecamatan Klungkung, Klungkung,2025,Cukup Informatif
409,"Dinas Komunikasi, dan Informatika", Tabanan,2025,Informatif
410,Dinas Penanaman Modal dan Pelayanan Terpadu Satu Pintu, Tabanan,2025,Cukup Informatif
411,Badan Kesatuan Bangsa dan Politik, Tabanan,2025,Kurang Informatif
412,Dinas Perhubungan, Tabanan,2025,Kurang Informatif
413,Inspektorat Daerah, Tabanan,2025,Kurang Informatif
414,Dinas Pariwisata, Tabanan,2025,Kurang Informatif
415,Dinas Perindustrian dan Perdagangan, Tabanan,2025,Tidak Informatif
416,Dinas Lingkungan Hidup, Tabanan,2025,Tidak Informatif
417,Dinas Perpustakaan dan Arsip, Tabanan,2025,Tidak Informatif
418,Sekretariat Dewan Perwakilan Rakyat Daerah, Tabanan,2025,Tidak Informatif
419,Desa Gubug Kecamatan Tabanan, Tabanan,2025,Informatif
420,Desa Bengkel Kecamatan Kediri, Tabanan,2025,Tidak Informatif
421,Kecamatan Tabanan, Tabanan,2025,Tidak Informatif
422,Rumah Tabanan Sakit Umum Daerah, Tabanan,2025,Cukup Informatif
423,Perumda Dharma Shantika, Tabanan,2025,Tidak Informatif
424,"Dinas Komunikasi, dan Informatika", Karangasem,2025,Informatif
425,"Dinas Pekerjaan Umum dan Penataan Ruang, Perumahan Rakyat dan Kawasan Permukiman", Karangasem,2025,Informatif
426,"Dinas Pekerjaan Umum dan Penataan Ruang, Perumahan Rakyat dan Kawasan Permukiman", Karangasem,2025,Menuju Informatif
427,Inspektorat Daerah, Karangasem,2025,Menuju Informatif
428,Dinas Lingkungan Hidup, Karangasem,2025,Cukup Informatif
429,Dinas Pendidikan Kepemudaan dan Olahraga, Karangasem,2025,Kurang Informatif
430,"Dinas Koperasi, Usaha Kecil Menengah, Perindustrian dan Perdagangan", Karangasem,2025,Kurang Informatif
431,Dinas Pariwisata, Karangasem,2025,Tidak Informatif
432,Badan Kesatuan Bangsa dan Politik, Karangasem,2025,Tidak Informatif
433,Sekretariat Dewan Perwakilan Rakyat Daerah, Karangasem,2025,Tidak Informatif
434,Desa Bugbug, Karangasem,2025,Cukup Informatif
435,Desa Pertima Kecamatan Karangasem, Karangasem,2025,Tidak Informatif
436,Kelurahan Karangasem, Karangasem,2025,Tidak Informatif
437,Kecamatan Karangasem, Karangasem,2025,Tidak Informatif
438,Rumah Sakit Umum Daerah, Karangasem,2025,Informatif
439,Perumda Air Minum Tirta Tohlangkir, Karangasem,2025,Informatif
440,Dinas Komunikasi Dan Informatika kabupaten gianyar, Gianyar,2020,Menuju Informatif
441,Dinas kebudayaan Kabupaten Gianyar, Gianyar,2020,Menuju Informatif
442,"Dinas Kependudukan Dan pencatatan sipil 
 Kabupaten gianyar", Gianyar,2020,Menuju Informatif
443,Badan pendapatan Daerah kabupaten gianyar, Gianyar,2020,Menuju Informatif
444,kecamatan gianyar, Gianyar,2020,Menuju Informatif
445,kecamatan ubud, Gianyar,2020,Menuju Informatif
446,"Desa Lebih,Kecamatan Gianyar", Gianyar,2020,Menuju Informatif
447,"Desa Peliatan,Kecamatan Ubud", Gianyar,2020,Menuju Informatif
448,"Desa Serongga,Kecamatan Gianyar", Gianyar,2020,Menuju Informatif
449,"Kelurahan Ubud,Kecmatan Ubud", Gianyar,2020,Menuju Informatif
450,Perumda Tirta Sanjiwani Gianyar, Gianyar,2020,Menuju Informatif
451,"Dinas Komunikasi ,Informatika dan persandian 
 Kabupaten Jembrana", Jembrana,2020,Menuju Informatif
452,"Dinas Penanaman Modal dan pelayanan 
 Terpadu Satu Pintu Kabupaten Jembrana", Jembrana,2020,Menuju Informatif
453,"Badan Perencanaan Pembangunan Daerah,
 penelitian dan pengembangan Kabupaten jembrana", Jembrana,2020,Menuju Informatif
454,Badan kepegawaian dan pengembangan sumber daya manusia Kabupaten Jembrana, Jembrana,2020,Menuju Informatif
455,Kecamatan Negara, Jembrana,2020,Menuju Informatif
456,Desa belimbigari, Jembrana,2020,Menuju Informatif
457,Desa tukad daya, Jembrana,2020,Menuju Informatif
458,Desa baluk, Jembrana,2020,Menuju Informatif
459,Kelurahan lelateng, Jembrana,2020,Menuju Informatif
460,kelurahan tegalcangkring, Jembrana,2020,Menuju Informatif
461,Kecamatan Melaya, Jembrana,2020,Menuju Informatif
462,Desa Pengambengan, Jembrana,2020,Menuju Informatif
463,"Dinas Komunikasi,Informatika dan persandian Kabupaten Karangasem", Karangasem,2020,Menuju Informatif
464,Dinas Kebudayaan Kabupaten Karangasem, Karangasem,2020,Menuju Informatif
465,Dinas Pendidikan Pemuda dan olahraga, Karangasem,2020,Menuju Informatif
466,Dinas Pemberdayaan Masyarakat Desa Kabupaten Karangasem, Karangasem,2020,Menuju Informatif
467,Dinas Kesehatan Kabupaten Karangasem, Karangasem,2020,Menuju Informatif
468,Badan Penelitian dan pengembangan pembangunan kabupaten karangasem, Karangasem,2020,Menuju Informatif
469,Kecamatan Rendang, Karangasem,2020,Menuju Informatif
470,Kecamatan selat, Karangasem,2020,Menuju Informatif
471,Perumda Giri Tohlangkir kabupaten karangasem, Karangasem,2020,Menuju Informatif
472,"Dinas Komunikasi,Informatikan dan Persandian Kabupaten Tabanan", Tabanan,2020,Menuju Informatif
473,Dinas Pemberdayaan Masyarakat Desa Kabupaten Tabanan, Tabanan,2020,Menuju Informatif
474,Dinas Pertanian Kabupaten Karangasem, Tabanan,2020,Menuju Informatif
475,Badan Pengelola Keuangan Dan aset Daerah Kabupaten tabanan, Tabanan,2020,Menuju Informatif
476,Badan perencanaan Penelitian dan pengembangan kab.Tabanan, Tabanan,2020,Menuju Informatif
477,Kecamatan Kediri, Tabanan,2020,Menuju Informatif
478,Kecamatan Baturiti, Tabanan,2020,Menuju Informatif
479,Desa Beraban Kec.Kediri, Tabanan,2020,Menuju Informatif
480,Desa Beraban Kec.Selemadeg Timur, Tabanan,2020,Menuju Informatif
481,Perumda Tirta Amertha Buana Kab.Tabanan, Tabanan,2020,Menuju Informatif
482,"Dinas Komunikasi,Informatika Dan 
 Persandian Kabupaten Klungkung", Klungkung,2020,Cukup Informatif
483,"Badan Pengelola Keuangan dan aset 
 daerah kabupaten klungkung", Klungkung,2020,Cukup Informatif
484,"Badan kepegawaian dan Pengembangan
 Sumber daya Manusia", Klungkung,2020,Cukup Informatif
485,Desa Akah, Klungkung,2020,Cukup Informatif
486,Desa Paksebali, Klungkung,2020,Cukup Informatif
487,Desa Gelgel, Klungkung,2020,Cukup Informatif
488,"Dinas Komunikasi,Informatika DanPersandian Kabupaten Bangli", Bangli,2020,Cukup Informatif
489,"Dinas Koperasi,Usaha Kecil,Menengah dan tenaga kerja kabupaten bangli", Bangli,2020,Cukup Informatif
490,"Dinas Pertanian ,Ketahanan pangan dan Perikanan Kabupaten Bangli", Bangli,2020,Cukup Informatif
491,"Dinas Komunikasi, Informatika dan Persandian", Badung,2020,Informatif
492,Dinas Penanaman Modal Dan Pelayanan Terpadu Satu Pintu, Badung,2020,Informatif
493,Dinas Pendidikan Pemuda dan Olahraga, Badung,2020,Informatif
494,Dinas Pemberdayaan Masyarakat Desa, Badung,2020,Informatif
495,Dinas Pekerjaan Umum dan Penataan Ruang, Badung,2020,Informatif
496,Badan Pengelola Keuangan dan Aset Daerah, Badung,2020,Informatif
497,Badan Pendapatan Daerah/Pasedahan Agung, Badung,2020,Informatif
498,Badan Penelitian dan Pengembangan Pembangunan, Badung,2020,Informatif
499,Badan Perencanaan Pembangunan Daerah, Badung,2020,Informatif
500,Bagian Hukum Setda Badung, Badung,2020,Informatif
501,Bagian Tata Pemerintahan Setda Badung, Badung,2020,Informatif
502,Bagian Organisasi Setda badung, Badung,2020,Informatif
503,Bagian Pengadaan Barang dan Jasa, Badung,2020,Informatif
504,Кеcamatan Abiansemal, Badung,2020,Informatif
505,"Desa Punggul, Kecamatan Abiansemal", Badung,2020,Informatif
506,"Desa Kutuh, Kecamatan Kuta Selatan", Badung,2020,Informatif
507,"Desa Mengwitani, Kecamatan mengwi", Badung,2020,Informatif
508,Kelurahan Benoa, Badung,2020,Informatif
509,Kelurahan Seminyak, Badung,2020,Informatif
510,Kelurahan Jimbaran, Badung,2020,Informatif
511,"Dinas Komunikasi, Informatika, Persandian dan Statistik ", Badung,2020,Informatif
512,Dinas Kependudukan dan Pencatatan Sipil, Buleleng,2020,Informatif
513,Dinas Pendidikan Pemuda dan Olahraga, Buleleng,2020,Informatif
514,"Dinas Pengendalian Penduduk, Keluarga Berencana Pemberdayaan Perempuan dan Perlindungan Anak", Buleleng,2020,Informatif
515,Dinas Pekerjaan Umum dan Perumahan Rakyat, Buleleng,2020,Informatif
516,Badan Pengelola Keuangan dan Pendapatan Daerah, Buleleng,2020,Informatif
517,Bagian Pemerintahan Setda Kabupaten Buleleng, Buleleng,2020,Informatif
518,"Badan Penelitian, Pengembangan dan Inovasi Daerah", Buleleng,2020,Informatif
519,Kecamatan Seririt, Buleleng,2020,Informatif
520,"Desa Tajun, Kecamatan Kubutambahan", Buleleng,2020,Informatif
521,"Desa Pejarakan, Kecamatan Grokgak", Buleleng,2020,Informatif
522,"Desa Munduk, Kecamatan Banjar", Buleleng,2020,Informatif
523,"Kelurahan Banjar Tegal, Kecamatan Buleleng", Buleleng,2020,Informatif
524,"Dinas Komunikasi, Informatika dan Persandian
",Denpasar,2020,Informatif
525,Dinas Penanaman Modal Dan Pelayanan Terpadu Satu Pintu,Denpasar,2020,Informatif
526,Dinas Pendidikan Pemuda dan Olahraga,Denpasar,2020,Informatif
527,Dinas Kesehatan,Denpasar,2020,Informatif
528,Dinas Kependudukan dan Pencatatan Sipil,Denpasar,2020,Informatif
529,Dinas Kebudayaan,Denpasar,2020,Informatif
530,Dinas Pemberdayaan Masyarakat Desa,Denpasar,2020,Informatif
531,Dinas Pekerjaan Umum dan Penataan Ruang,Denpasar,2020,Informatif
532,Badan Perencanaan Pembangunan Daerah,Denpasar,2020,Informatif
533,Badan Kepegawaian dan Pengembangan Sumber Daya Manusia,Denpasar,2020,Informatif
534,Badan Pengelola Keuangan dan Aset Daerah,Denpasar,2020,Informatif
535,Badan Pendapatan Daerah (Bapenda) Kota denpasar,Denpasar,2020,Informatif
536,Badan Penelitian dan Pengembangan Pembangunan,Denpasar,2020,Informatif
537,Kecamatan Denpasar Selatan,Denpasar,2020,Informatif
538,Kecamatan Denpasar Barat,Denpasar,2020,Informatif
539,Kecamatan Denpasar Timur,Denpasar,2020,Informatif
540,Desa Ubung Kaja,Denpasar,2020,Informatif
541,Desa Sanur Kauh,Denpasar,2020,Informatif
542,Desa Sanur Kaja,Denpasar,2020,Informatif
543,Desa Dangin Puri Kangin,Denpasar,2020,Informatif
544,Desa Sumerta Kelod,Denpasar,2020,Informatif
545,Kelurahan Dangin Puri,Denpasar,2020,Informatif
546,Kelurahan Pemecutan,Denpasar,2020,Informatif
547,Perumda Bhukti Praja Sewakadarma,Denpasar,2020,Informatif
548,Perumda Tirta Sewaka Dharma,Denpasar,2020,Informatif
549,"Dinas Kesehatan
  provinsi Bali",Provinsi,2021,Menuju Informatif
550,"Satuan polisi
  pamong praja provinsi bali",Provinsi,2021,Menuju Informatif
551,"dinas koperasi,
 usaha kecil dan menengah provinsi bali",Provinsi,2021,Menuju Informatif
552,"dinas pemajuan
  masyrakat adat provinsi bali",Provinsi,2021,Menuju Informatif
553,"dinas sosial,
 pemberdaian perempuan dan perlindungan anak provinsi bali",Provinsi,2021,Menuju Informatif
554,"dinas pendidikan
  kepemudaan dan olahraga provinsi bali",Provinsi,2021,Menuju Informatif
555,"perunda air minum
  tirta mangutama kabupaten badung", Badung,2021,Menuju Informatif
556,"perunda air minum tirta amerta jati,kabupaten jembrana", Jembrana,2021,Menuju Informatif
557,komisi pemilihan umum kabupatenm bangli, Bangli,2021,Menuju Informatif
558,badan pengawas pemilihan umu kabupaten gianyar, Gianyar,2021,Menuju Informatif
559,komisi pemilihan umum kabupaten karangasem, Karangasem,2021,Menuju Informatif
560,badan pengawas pemilihan umum kabupaten klungkung, Klungkung,2021,Menuju Informatif
561,badan pengawas pemilihan umum kabupaten buleleng, Buleleng,2021,Menuju Informatif
562,badan pengawas pemilihan umum kabupaten karangasem, Karangasem,2021,Menuju Informatif
563,komisi pemilihan umum kabupaten klungkung, Klungkung,2021,Menuju Informatif
564,badan pusat statistik kabupaten buleleng, Buleleng,2021,Menuju Informatif
565,kantor pertahanankabupaten jembrana, Jembrana,2021,Menuju Informatif
566,badan pusat statistik kabupaten tabanan, Tabanan,2021,Menuju Informatif
567,kantor pertahanan kabupaten karangasem, Karangasem,2021,Menuju Informatif
568,badan pusat statistik kabupaten klungkung, Klungkung,2021,Menuju Informatif
569,dinas sosial kabupaten badung, Badung,2021,Menuju Informatif
570,satuan polisi pamong praja kabupaten badung, Badung,2021,Menuju Informatif
571,dinas pemberdaian masyarakat dan desa kabupaten gianyar, Gianyar,2021,Menuju Informatif
572,badan pendapatan daerah kota denpasar,Denpasar,2021,Menuju Informatif
573,dinas sosial kabupaten gianyar, Gianyar,2021,Menuju Informatif
574,dinas kesehatan kabupaten jembrana, Jembrana,2021,Menuju Informatif
575,dinas pemberdaian masyarakat dan desa kabupaten badung, Badung,2021,Menuju Informatif
576,dinas kesehatan kota denpasar,Denpasar,2021,Menuju Informatif
577,satuan polisi pamong praja kabupaten karangasem, Karangasem,2021,Menuju Informatif
578,badan penanggulangan bencana daerah kabupaten gianyar, Gianyar,2021,Menuju Informatif
579,"dinas pendidikan , kepemudaan ,dan olahraga kabupaten jembrana", Jembrana,2021,Menuju Informatif
580,dinas kesehatan kabupaten buleleng, Buleleng,2021,Menuju Informatif
581,dinas pekerjaan umum dan penataan ruang kota denpasar,Denpasar,2021,Menuju Informatif
582,satuan polisi pamong praja kabupaten jembrana, Jembrana,2021,Menuju Informatif
583,dinas pemberdaian masyarakat dan desa kabupaten bangli, Bangli,2021,Menuju Informatif
584,dinas penanaman modal dan pelayanan terpadu satu pintu kabupaten badung, Badung,2021,Menuju Informatif
585,dinas kopesi usaha mikro kecil dan menengah kota denpasar,Denpasar,2021,Menuju Informatif
586,dinas sosial kabupaten buleleng, Buleleng,2021,Menuju Informatif
587,badan penanggulangan bencana daerah kota denpasar,Denpasar,2021,Menuju Informatif
588,"dinas koperasi,usaha mikro kecil dan menengah kabupaten karangasem", Karangasem,2021,Menuju Informatif
589,satuan polisi pamong praja kota denpasar,Denpasar,2021,Menuju Informatif
590,"dinas koperasi,usaha kecil menengah ,perindustian perdagangan kabupaten jemnbaran", Jembrana,2021,Menuju Informatif
591,dinas sosial kabupaten jembrana, Jembrana,2021,Menuju Informatif
592,dinas pemberdaian masyarakat dan desa kabupaten tabanan, Tabanan,2021,Menuju Informatif
593,badan penanggulangan bencana daerah kabupaten jembrana, Jembrana,2021,Menuju Informatif
594,dinas perindutrian dan tenaga kerja kabupaten badung, Badung,2021,Menuju Informatif
595,dinas pemberdaian masyarakat dan desa kabupaten jembrana, Jembrana,2021,Menuju Informatif
596,badan pengelola keuangan dan aset daerah kabupaten jembrana, Jembrana,2021,Menuju Informatif
597,"dinas pekerjaan umum,penataan ruanagan ,perumahan dan kawasan pemukiman kabupaten tabanan", Tabanan,2021,Menuju Informatif
598,dinas pariwisata kabupaten gianyar, Gianyar,2021,Menuju Informatif
599,dinas kesehatan kabupaten badung, Badung,2021,Menuju Informatif
600,dinas pendidikan pemuda dan olaharaga kabupaten bangli, Bangli,2021,Menuju Informatif
601,dinas sosial kabupaten bangli, Bangli,2021,Menuju Informatif
602,satuan polisi pamong praja kabupaten tabanan, Tabanan,2021,Menuju Informatif
603,satuan polisi pamong praja kabupaten gianyar, Gianyar,2021,Menuju Informatif
604,dinas koperasi dan usaha kecil menengah kabupaten gianyar, Gianyar,2021,Menuju Informatif
605,dinas pendidikan kabyupaten klungkung, Klungkung,2021,Menuju Informatif
606,badan pengelola keuangan dan aset daerah kabupaten karangasem, Karangasem,2021,Menuju Informatif
607,"dinas koperasi usaha mikro kecil menengah,tenaga kerja dan transmigrasi kabupaten bangli", Bangli,2021,Menuju Informatif
608,"dinas koperasi,usaha kecil menengah dan perdagangan kabupaten badung", Badung,2021,Menuju Informatif
609,"dinas koperasi,usaha kecil menengah dan perdagangan kabupaten klungkung", Klungkung,2021,Menuju Informatif
610,"dinas perdagangan ,perindustrian dan koperasi usaha kecil menengah kabupaten buleleng", Buleleng,2021,Menuju Informatif
611,desa dangin tukadaya, Jembrana,2021,Menuju Informatif
612,desa blimbingsari, Jembrana,2021,Menuju Informatif
613,desa batuan kaler, Gianyar,2021,Menuju Informatif
614,desa bongkasa, Badung,2021,Menuju Informatif
615,desa mengwi, Badung,2021,Menuju Informatif
616,desa tukadaya, Jembrana,2021,Menuju Informatif
617,desa sumerta klod,Denpasar,2021,Menuju Informatif
618,desa tembuku, Bangli,2021,Menuju Informatif
619,desa subuk, Buleleng,2021,Menuju Informatif
620,desa bengkel kec.kediri kab.tabanan, Buleleng,2021,Menuju Informatif
621,"dinas pendidikan 
 kepemudaan dan olahraga provinsi bali",Provinsi,2021,Cukup Informatif
622,"PDAM kabupaten 
 bangli", Bangli,2021,Cukup Informatif
623,"perumda air minum
  TIRTHA HITA kabupaten buleleng", Buleleng,2021,Cukup Informatif
624,"perumda air minum
  PANCA MAHOTTAMA kabupaten klungkung", Klungkung,2021,Cukup Informatif
625,"komisi pemilihan 
 umum kabupaten jembrana", Jembrana,2021,Cukup Informatif
626,komisi pemilihan umum kabupaten buleleng, Buleleng,2021,Cukup Informatif
627,kantor pertahanan kabupaten tabanan, Tabanan,2021,Cukup Informatif
628,kantor pertahanan kabupaten badung, Badung,2021,Cukup Informatif
629,badan pusat statistik kabupaten karangasem, Karangasem,2021,Cukup Informatif
630,kantor pertahanan kabupaten klungkung, Klungkung,2021,Cukup Informatif
631,kantor pertahanan kabupaten gianyar, Gianyar,2021,Cukup Informatif
632,kantor kementerian agama kabupaten tabanan, Tabanan,2021,Cukup Informatif
633,dinas kesehatan kabupaten karangasem, Karangasem,2021,Cukup Informatif
634,badan penanggulangan bencana daerah kabupaten bangli, Bangli,2021,Cukup Informatif
635,dinas tenaga kerja kabupaten tabanan, Tabanan,2021,Cukup Informatif
636,"dinas sosial ,pemberdayaan perempuan ,dan perlinnduangan anak kabupaten klungkung", Klungkung,2021,Cukup Informatif
637,dinas pendidikan kabupaten tabanan, Tabanan,2021,Cukup Informatif
638,stuan polisi pamong praja kabupaten klungkung, Klungkung,2021,Cukup Informatif
639,"dinas sosial ,pemberdayaan perempuan ,dan perlinnduangan anak kabupaten tabanan", Tabanan,2021,Cukup Informatif
640,dinas pariwisata dan kebudayaan kabupaten jembrana, Jembrana,2021,Cukup Informatif
641,"dinas pekerjaan umum,penataan ruang,perumahan dan kawasan pemukiman kabupaten jembrana", Jembrana,2021,Cukup Informatif
642,dinas pariwisata kabupaten tabanan, Tabanan,2021,Cukup Informatif
643,dinas pariwisata dan kebudayaan kabupaten bangli, Bangli,2021,Cukup Informatif
644,badan penanggulangan bencana daerah kabupaten tabanan, Tabanan,2021,Cukup Informatif
645,"dinas penanaman modal ,pelayanan terpadu satu pintu kabupaten karangasem", Karangasem,2021,Cukup Informatif
646,dinas pariwisata kabupaten badung, Badung,2021,Cukup Informatif
647,dinas pariwisata kabupaten klungkung, Klungkung,2021,Cukup Informatif
648,badan penanggulangan bencana daerah kabupaten badung, Badung,2021,Cukup Informatif
649,dinas pemberdayaan masyarakat dan desa kabupataen karangasem, Karangasem,2021,Cukup Informatif
650,dinas ketenagakerjaan kabupaten karangasem, Karangasem,2021,Cukup Informatif
651,dinas kesehatan kabupaten tabanan, Tabanan,2021,Cukup Informatif
652,badan penanggulangan bencana daerah kabupaten klungkung, Klungkung,2021,Cukup Informatif
653,badan penanggulangan bencana daerah kabupaten buleleng, Buleleng,2021,Cukup Informatif
654,dinas perindustrian dan tenaga kerja kabupaten klungkung, Klungkung,2021,Cukup Informatif
655,desa dauh puri kauh,Denpasar,2021,Cukup Informatif
656,desa penglumbaran, Bangli,2021,Cukup Informatif
657,desa gelgel, Klungkung,2021,Cukup Informatif
658,desa belancan, Bangli,2021,Cukup Informatif
659,desa pempatan, Karangasem,2021,Cukup Informatif
660,desa delod peken, Tabanan,2021,Cukup Informatif
661,desa sepang, Buleleng,2021,Cukup Informatif
662,"kantor kementrian
  agama kabupaten badung", Badung,2021,Kurang Informatif
663,"kantor kementrian
  kabupaten jembrana", Jembrana,2021,Kurang Informatif
664,"kantor kementrian 
 kabupaten buleleng", Buleleng,2021,Kurang Informatif
665,badan penanggulangan bencana daerah kabupaten karangasem, Karangasem,2021,Kurang Informatif
666,"dinas pendidikan,kepemudaan,dan olahraga kabupaten karangasem", Karangasem,2021,Kurang Informatif
667,"badan keuangan ,pendapatan ,dan aset daerah kabupaten bangli", Bangli,2021,Kurang Informatif
668,"dinas pekerjaan umum,penataan ruang,perumahan dan kawasan permukiman kabupaten klungkung", Klungkung,2021,Kurang Informatif
669,dinas kesehatan kabupaten bangli, Bangli,2021,Kurang Informatif
670,dinas pariwisata kabupaten karangasem, Karangasem,2021,Kurang Informatif
671,desa sangsit, Buleleng,2021,Kurang Informatif
672,desa paksebali, Klungkung,2021,Kurang Informatif
673,"kantor kementrian
  agama kabupaten buleleng", Buleleng,2021,Tidak Informatif
674,"kantor pertahanan 
 kabupaten bangli", Bangli,2021,Tidak Informatif
675,"dinas pekerjaan 
 umum,penataan ruang,perumahan dan kawasan permukiman kabupaten bangli", Bangli,2021,Tidak Informatif
676,badan pengelola keuangan dan pendataan daerah kabupaten klungkung, Klungkung,2021,Tidak Informatif
677,satuan polisi pamong praja dan pemadam kebakarang kabupaten bangli, Bangli,2021,Tidak Informatif
678,"dinas pemberdayaan masyarakat desa,pengendalian penduduk ,dan keluarga berencana kabupaten klungkung", Klungkung,2021,Tidak Informatif
679,dinas penanaman modal dan pelayanan terpadu satu pintu kabupaten klungkung, Klungkung,2021,Tidak Informatif
680,dinas pekerjaan umum dan penataan ruang kabupaten karangasem, Karangasem,2021,Tidak Informatif
681,desa bebandem, Karangasem,2021,Tidak Informatif
682,desa lebih, Gianyar,2021,Tidak Informatif
683,"dinas komunikasi, informasika dan statistik",Denpasar,2021,Informatif
684,dinas kominikasi dan informatika, Badung,2021,Informatif
685,dinas komunikasi dan informatika, Gianyar,2021,Informatif
686,"dinas komunikasi informatika, persandian dan statistik ", Buleleng,2021,Informatif
687,dinas komunikasi dan informatika, Jembrana,2021,Informatif
688,dinas komunikasi dan informatika, Klungkung,2021,Informatif
689,dinas komunikasi dan informatika, Tabanan,2021,Informatif
690,dinas komunikasi dan informatika, Karangasem,2021,Informatif
691,badan pengawasan pemilu,Provinsi,2021,Informatif
692,komisi pemilihan umum,Provinsi,2021,Informatif
693,"BPJS kesehatan kedeputian Bali, NTB, NTT",Provinsi,2021,Informatif
694,"dinas pekerjaan umum, penataan ruang, perumahan dan kawasan permukiman ",Provinsi,2021,Informatif
695,dinas perindustrian dan perdagangan ,Provinsi,2021,Informatif
696,badan pendapatan daerah,Provinsi,2021,Informatif
697,dinas ketenagakerjaan dan energi sumber daya mineral,Provinsi,2021,Informatif
698,badan penaggulangan bencana daeah ,Provinsi,2021,Informatif
699,dinas pariwisata ,Provinsi,2021,Informatif
700,dinas penanaman modal dan pelayanan terpadu satu pintu,Provinsi,2021,Informatif
701,"dinas pemberdayaan masyarakat desa, keependudukan dan catatan sipil ",Provinsi,2021,Informatif
702,perumda air minum tirta sanjiwani, Gianyar,2021,Informatif
703,perumda air minum tirta sewakadarma,Denpasar,2021,Informatif
704,perumda air minu tirta amertha buana, Tabanan,2021,Informatif
705,perumda air minum tirta tohlangkir, Karangasem,2021,Informatif
706,badan pengawasan pemilihan umum , Badung,2021,Informatif
707,komisi pemilihan umum , Gianyar,2021,Informatif
708,badan pengawasan pemilihan umum , Jembrana,2021,Informatif
709,badan pengawasan pemilihan umum , Bangli,2021,Informatif
710,komisi pemilihan umum, Badung,2021,Informatif
711,komisi pemilihan umum,Denpasar,2021,Informatif
712,badan pengawasan pemilihan umum , Tabanan,2021,Informatif
713,komisi pemilihan umum, Tabanan,2021,Informatif
714,badan pusat statistik , Badung,2021,Informatif
715,kementerian agama,Denpasar,2021,Informatif
716,kantor pertahanan,Denpasar,2021,Informatif
717,badan pusat statistik , Gianyar,2021,Informatif
718,badan pusat statistik,Denpasar,2021,Informatif
719,badan pusat statistik, Jembrana,2021,Informatif
720,dinas pekerjaan umum dan penataan ruang, Badung,2021,Informatif
721,dinas sosial,Denpasar,2021,Informatif
722,dinas penanaman modal dan pelayanan terpadu satu pintu , Gianyar,2021,Informatif
723,badan pengelolaan keuangan dan pendapatan daerah , Buleleng,2021,Informatif
724,dinas tenaga kerja kabupaten , Gianyar,2021,Informatif
725,dinas pendidikan pemuda dan olahraga, Buleleng,2021,Informatif
726,dinas pendidikan , Gianyar,2021,Informatif
727,dinas penanaman modal dan pelayanan terpadu satu pintu kota,Denpasar,2021,Informatif
728,dinas kesehatan kabupaten, Gianyar,2021,Informatif
729,badan pengelolaan keuangan dan aset daerah, Gianyar,2021,Informatif
730,dinas pariwisata kota,Denpasar,2021,Informatif
731,dinas pendidikan kepemudan dan olahraga kota,Denpasar,2021,Informatif
732,badan pendapatan daerah/ pasedahan agung kabupaten, Badung,2021,Informatif
733,dinas tenaga kerja kabupaten, Buleleng,2021,Informatif
734,dinas penanaman modal dan pelayanan terpadu satu pintu kabupaten , Buleleng,2021,Informatif
735,dinas tenaga kerja dan sertifikasi kompetensi kota,Denpasar,2021,Informatif
736,badan keuangan daerah, Tabanan,2021,Informatif
737,dinas pekerjaan umum dan penataan ruang kabupaten karangasem, Gianyar,2021,Informatif
738,dinas penanaman modal dan pelayanan terpadu satu pintu kabupaten, Bangli,2021,Informatif
739,dinas pemberdayaan masyarakat dan desa kota,Denpasar,2021,Informatif
740,dinas kesehatan kabupaten, Klungkung,2021,Informatif
741,dinas pariwisata kabupaten , Buleleng,2021,Informatif
742,dinas pemberdayaan masyarakat dan desa kabupaten , Buleleng,2021,Informatif
743,dinas sosial kabupaten , Karangasem,2021,Informatif
744,dinas pekerjaan umum dan tata ruang kabupaten, Buleleng,2021,Informatif
745,"dinas penanaman modal, pelayanan terpadu satu pintu, dan tenaga kerja kabupaten", Jembrana,2021,Informatif
746,dinas perindustrian dan perdagangan kabupaten, Bangli,2021,Informatif
747,dinas penanaman modal dan pelayanan terpadu satu pintu kabupaten, Tabanan,2021,Informatif
748,"dinas pendidikan, kepemudaan, dan olahraga kabupaten", Badung,2021,Informatif
749,desa duda timur, Karangasem,2021,Informatif
750,desa tegal harum,Denpasar,2021,Informatif
751,"desa kutuh, kec kuta selatan", Badung,2021,Informatif
752,desa akah, Klungkung,2021,Informatif
753,desa kukuh kec kerambitan, Tabanan,2021,Informatif
754,desa peliatan, Gianyar,2021,Informatif
755,Dinas Komunikasi Informatika dan Statistik Provinsi Bali,Provinsi,2017,Informatif
756,PPID Badan Penanggulangan Bencana Daerah Provinsi Bali,Provinsi,2017,Informatif
757,Dinas Komunikasi Informasi dan Statistik Provinsi Bali,Provinsi,2017,Informatif
758,Perusahaan Derah Provinsi Bali,Provinsi,2017,Informatif
759,Dinas Komunikasi dan Informatika  Kota Denpasar,Denpasar,2017,Informatif
760,PPID Badan Penanggulangan Bencana Daerah Kota Denpasar,Denpasar,2017,Informatif
761,PPID Rumah Sakit Umum Daerah Wangaya Kota Denpasar,Denpasar,2017,Informatif
762,PPID Perusahaan Daerah Air Minum (PDAM) Kota Denpasar,Denpasar,2017,Informatif
763,Dinas Komunikasi dan Informatika Kabupaten Badung, Badung,2017,Informatif
764,Rumah Sakit Umum Daerah Badung, Badung,2017,Informatif
765,BPBD Kabupaten Badung, Badung,2017,Informatif
766,PDAM Kabupaten Badung, Badung,2017,Informatif
767,Dinas Komunikasi dan Informatika Kabupaten Tabanan, Tabanan,2017,Informatif
768,PPID Perusahaan Daerah Air Minum (PDAM) Kota Tabanan, Tabanan,2017,Informatif
769,Rumah Sakit Umum Daerah Kabupaten Tabanan, Tabanan,2017,Informatif
770,BPBD Kabupaten Tabanan, Tabanan,2017,Informatif
771,Dinas Komunikasi dan Informatika Kabupaten Gianyar, Gianyar,2017,Informatif
772,Rumah Sakit Umum Daerah Kabupaten Gianyar, Gianyar,2017,Informatif
773,BPBD Kabupaten Gianyar, Gianyar,2017,Informatif
774,PDAM Kabupaten Gianyar, Gianyar,2017,Informatif
775,Dinas Komunikasi dan Informatika Klungkung, Klungkung,2017,Informatif
776,PPID Rumah Sakit Umum Daerah Klungkung, Klungkung,2017,Informatif
777,PPID Perusahaan Derah Air Minum (PDAM) Kota Klungkung, Klungkung,2017,Informatif
778,BPBD Kabupaten Klungkung, Klungkung,2017,Informatif
779,Dinas Komunikasi dan Informatika Kabupaten Karangasem, Karangasem,2017,Informatif
780,PPID Badan Penanggulangan Bencana Derah Kabupaten Karangasem , Karangasem,2017,Informatif
781,Rumah Sakit Umum Daerah Kabupaten Karangasem, Karangasem,2017,Informatif
782,PDAM Kabupaten Karangasem, Karangasem,2017,Informatif
783,Dinas Komunikasi dan Informatika Kabupaten Bangli, Bangli,2017,Informatif
784,Rumah Sakit Umum Daerah Kabupaten Bangli, Bangli,2017,Informatif
785,BPBD Kabupaten Bangli, Bangli,2017,Informatif
786,PDAM Kabupaten Bangli, Bangli,2017,Informatif
787,Dinas Komunikasi dan Informatika Kabupaten Buleleng, Buleleng,2017,Informatif
788,Rumah Sakit Umum Daerah Kabupaten Buleleng, Buleleng,2017,Informatif
789,BPBD Kabupaten Buleleng, Buleleng,2017,Informatif
790,Dinas Komunikasi dan Informatika Kabupaten Jembrana, Jembrana,2017,Informatif
791,Rumah Sakit Umum Daerah Kabupaten Jembrana, Jembrana,2017,Informatif
792,BPBD Kabupaten Jembrana, Jembrana,2017,Informatif
793,PDAM Kabupaten Jembrana, Jembrana,2017,Informatif
794,Badan pusat statistik ,Provinsi,2022,Informatif
795,Badan pengawasan pememilihan umum,Provinsi,2022,Informatif
796,komisi pemilihan umum ,Provinsi,2022,Informatif
797,kantor wilayah badan pertahanan nasional ,Provinsi,2022,Informatif
798,"BPJS kesehatan kedeputian wilayah bali, ntt dan ntb",Provinsi,2022,Informatif
799,Badan perencanan pembangunan daerah ,Provinsi,2022,Informatif
800,dinas kesehatan,Provinsi,2022,Informatif
801,badan pengelola keuangan dan aset daerah provinsi bali,Provinsi,2022,Informatif
802,badan riset dan inovasi daerah provinsi bali,Provinsi,2022,Informatif
803,"dinas koperasi, usaha kecil dan menengah provinsi bali",Provinsi,2022,Informatif
804,badan perhubungan provinsi bali,Provinsi,2022,Informatif
805,badan pemajuan masyarakat adat provinsi bali,Provinsi,2022,Informatif
806,badan kepegawaian dan pengembangan sumber daya manusia provinsi bali,Provinsi,2022,Informatif
807,satuan polisi pamong praja provinsi bali,Provinsi,2022,Informatif
808,dinas pendidikan kepemudaan dan olahraga provinsi bali,Provinsi,2022,Menuju Informatif
809,dinas kebudayaan provinsi bali,Provinsi,2022,Menuju Informatif
810,badan pertanian dan ketahanan pangan provinsi bali,Provinsi,2022,Menuju Informatif
811,dinas kelautan dan perikanan provinsi bali,Provinsi,2022,Menuju Informatif
812,dinas kehutanan dan lingkunan hidup provinsi bali,Provinsi,2022,Menuju Informatif
813,"pt. jamkrida bali mandara (perseroda)
",Provinsi,2022,Informatif
814,persuda ,Provinsi,2022,Tidak Dapat Dinilai
815,perumda air minum panca mahottama, Klungkung,2022,Informatif
816,komisi pemilihan umum , Klungkung,2022,Informatif
817,badan pengawasan pemilihan umum , Klungkung,2022,Informatif
818,badan pusat statistik , Klungkung,2022,Menuju Informatif
819,kantor pertahanan, Klungkung,2022,Menuju Informatif
820,dinas pendidikan kepemudaan dan olahraga, Klungkung,2022,Menuju Informatif
821,dinas pariwisata , Klungkung,2022,Menuju Informatif
822,badan keegawaian dan pengembangan sumber daya manusia, Klungkung,2022,Menuju Informatif
823,"dinas pekerjan umum, penataan ruang, perumahan dan kawasan pemungkiman", Klungkung,2022,Menuju Informatif
824,satuan polisi pamong praja dan pemadam kebakaran, Klungkung,2022,Menuju Informatif
825,dinas pertanian, Klungkung,2022,Menuju Informatif
826,"dinas sosial, pemberdayaan perempuan dan perlindungan anak ", Klungkung,2022,Menuju Informatif
827,dinas penanaman modal dan pelayanan terpadu satu pintu, Klungkung,2022,Menuju Informatif
828,dinas kependudukan dan pencatatan sipil, Klungkung,2022,Menuju Informatif
829,"dinas koperasi, usaha kecil menengah, perindustrian dan perdagangan", Klungkung,2022,Menuju Informatif
830,badan pengelolaan keuangan dan pendapatan daerah, Klungkung,2022,Menuju Informatif
831,badan penanggulangan bencana, Klungkung,2022,Menuju Informatif
832,"dinas pemberdayaan masyarakat dan desa, pengendalian penduduk dan keluarga berencana", Klungkung,2022,Menuju Informatif
833,desa ped, Klungkung,2022,Cukup Informatif
834,desa jumpai, Klungkung,2022,Cukup Informatif
835,desa besan, Klungkung,2022,Cukup Informatif
836,desa nyalian, Klungkung,2022,Cukup Informatif
837,dinas komunikasi dan informatika, Gianyar,2022,Informatif
838,perumda air minum tirta sanjiwani, Gianyar,2022,Informatif
839,komisi pemilihan umum , Gianyar,2022,Informatif
840,badan pengawasan pemilihan umum, Gianyar,2022,Menuju Informatif
841,badan pusat statistik, Gianyar,2022,Menuju Informatif
842,kantor pertahanan, Gianyar,2022,Menuju Informatif
843,dinas tenaga kerja, Gianyar,2022,Menuju Informatif
844,"dinas koperasi, usaha kecil menengah", Gianyar,2022,Menuju Informatif
845,satuan polisi pamong praja, Gianyar,2022,Menuju Informatif
846,dinas lingkungan hidup, Gianyar,2022,Menuju Informatif
847,badan perencanaan pembangunan daerah dan penelitian pengembangan, Gianyar,2022,Menuju Informatif
848,badan penanggulangan bencana, Gianyar,2022,Menuju Informatif
849,dinas pemberdayaan masyarakat dan desa, Gianyar,2022,Menuju Informatif
850,dinas perumahan kawasan pemungkiman dan pertahanan, Gianyar,2022,Cukup Informatif
851,dinas sosial, Gianyar,2022,Cukup Informatif
852,"dinas ketahanan pangan, kelautan dan perikanan", Gianyar,2022,Cukup Informatif
853,badan pengawasan dan sumberdaya manusia, Gianyar,2022,Cukup Informatif
854,dinas pertanian, Gianyar,2022,Cukup Informatif
855,desa taro, Gianyar,2022,Informatif
856,desa petak kaja, Gianyar,2022,Cukup Informatif
857,desa melinggih kelod, Gianyar,2022,Cukup Informatif
858,desa celuk, Gianyar,2022,Kurang Informatif
859,perusahaan umum, Gianyar,2022,Kurang Informatif
860,dinas komunikasi dan informatika , Badung,2022,Informatif
861,perumda air minum tirta mangutama, Badung,2022,Informatif
862,perumda pasar mangu guru sedana, Badung,2022,Informatif
863,komisi pemilihan umum, Badung,2022,Menuju Informatif
864,badan pusat statistik, Badung,2022,Menuju Informatif
865,kantor pertahanan, Badung,2022,Menuju Informatif
866,dinas penanaman modal dan pelayanan terpadu satu pintu, Badung,2022,Menuju Informatif
867,dinas kesehatan, Badung,2022,Menuju Informatif
868,"dinas koperasi, usaha kecil menengah, perindustrian dan perdagangan", Badung,2022,Menuju Informatif
869,dinas sosial, Badung,2022,Menuju Informatif
870,dinas pertanian dan pangan badung, Badung,2022,Menuju Informatif
871,dinas pemberdayaan masyarakat dan desa, Badung,2022,Menuju Informatif
872,badan perencanaan pembangunan daerah, Badung,2022,Menuju Informatif
873,dinas kebudayaan, Badung,2022,Menuju Informatif
874,dinas lingkungan hidup dan kebersihan, Badung,2022,Menuju Informatif
875,badan kepegawaian dan pengembangan sumber daya manusia, Badung,2022,Menuju Informatif
876,badan penanggulangan bencana, Badung,2022,Menuju Informatif
877,badan penanggulangan bencana, Badung,2022,Menuju Informatif
878,"dinas pemberdayaan masyarakat dan desa, pengendalian penduduk dan keluarga berencana", Badung,2022,Menuju Informatif
879,desa mengwi, Badung,2022,Cukup Informatif
880,desa dalung, Badung,2022,Cukup Informatif
881,desa pecatu, Badung,2022,Cukup Informatif
882,dinas komunikasi dan informatika , Bangli,2022,Informatif
883,perumda air minum tirta danu arta, Bangli,2022,Informatif
884,komisi pemilihan umum, Bangli,2022,Informatif
885,badan pengawasan pemilihan umum, Bangli,2022,Menuju Informatif
886,badan pusat statistik, Bangli,2022,Menuju Informatif
887,kantor pertanahan, Bangli,2022,Menuju Informatif
888,"dinas pendidikan, pemuda dan olahraga", Bangli,2022,Menuju Informatif
889,dinas kesehatan, Bangli,2022,Menuju Informatif
890,badan penanggulangan bencana daerah dan pemadam kebakaran, Bangli,2022,Menuju Informatif
891,"dinas pemberdayaan masyarakat dan sesa, pengendalian penduduk dan keluarga berencana", Bangli,2022,Menuju Informatif
892,badan kepegawaian dan pengembangan sumber daya manusia, Bangli,2022,Menuju Informatif
893,"dinas sosial, pemberdayaan perempuan dan perlindungan anak", Bangli,2022,Menuju Informatif
894,"dinas pertanian, ketahanan pangan dan perikanan ", Bangli,2022,Menuju Informatif
895,"badan perencanaan pembangunan daerah, penelitian dan pengembangan", Bangli,2022,Menuju Informatif
896,dinas pariwisata dan kebudayaan, Bangli,2022,Menuju Informatif
897,"dinas koperasi, usaha kecil, menengah dan tenaga kerja", Bangli,2022,Menuju Informatif
898,"badan keuangan, pendapatan dan aset daerah", Bangli,2022,Menuju Informatif
899,"dinas pekerjaan umum penataan ruang, perumahan dan kawasan pemungkiman", Bangli,2022,Menuju Informatif
900,sautan polisi pamong praja, Bangli,2022,Menuju Informatif
901,desa katung, Bangli,2022,Informatif
902,desa tembuku , Bangli,2022,Cukup Informatif
903,desa bunutin, Bangli,2022,Menuju Informatif
904,desa penglumbaran, Bangli,2022,Menuju Informatif
905,dinas informatika komunikasi dan informatika, Karangasem,2022,Informatif
906,perumda air minum tirta tohlangkir, Karangasem,2022,Informatif
907,badan penggawasan pemiihan umum, Karangasem,2022,Informatif
908,kantor pertahanan, Karangasem,2022,Menuju Informatif
909,badan pusat statistik , Karangasem,2022,Menuju Informatif
910,"dinas perkerja umum dan penatan ruang, perumahan rakyat dan kawasan", Karangasem,2022,Menuju Informatif
911,badan kepegawaian dan pengembangan sumber daya manusia, Karangasem,2022,Menuju Informatif
912,dinas pemberdayaan masyarakat dan desa, Karangasem,2022,Menuju Informatif
913,dinas penanaman modal dan pelayanan terpadu satu pintu, Karangasem,2022,Menuju Informatif
914,badan pengelola keuangan dan aset daerah, Karangasem,2022,Menuju Informatif
915,dinas kependudukan dan pencatatan sipil, Karangasem,2022,Menuju Informatif
916,"dinas koperasi, usaha kecil dan menengah", Karangasem,2022,Menuju Informatif
917,dinas kesehatan, Karangasem,2022,Menuju Informatif
918,"dinas pendidikan, kepemudaan dan olah raga", Karangasem,2022,Menuju Informatif
919,dinas kebudayaan dan pariwisata, Karangasem,2022,Menuju Informatif
920,"dinas pertanian, pangan dan perikanan", Karangasem,2022,Menuju Informatif
921,desa bebandem, Karangasem,2022,Menuju Informatif
922,desa purwa kerthi , Karangasem,2022,Cukup Informatif
923,desa menganga, Karangasem,2022,Cukup Informatif
924,desa sengkidu, Karangasem,2022,Cukup Informatif
925,dinas komunikasi dan informatika, Buleleng,2022,Informatif
926,perumda air minum tirta hita, Buleleng,2022,Informatif
927,perumda swatantra, Buleleng,2022,Informatif
928,badan pengawasan pemilihan umum, Buleleng,2022,Menuju Informatif
929,badan pusat statistik, Buleleng,2022,Menuju Informatif
930,kantor pertahanan, Buleleng,2022,Menuju Informatif
931,dinas kependudukan dan pencatatan sipil, Buleleng,2022,Menuju Informatif
932,"dinas perumahan, kawasan pemungkiman dan pertanahan", Buleleng,2022,Menuju Informatif
933,dinas lingkungan hidup, Buleleng,2022,Menuju Informatif
934,badan kepegawaian dan pengembangan sumber daya manusia, Buleleng,2022,Menuju Informatif
935,dinas kesehatan, Buleleng,2022,Menuju Informatif
936,"dinas perdagangan, perindustrian dan koperasi, usaha kecil dan menengah", Buleleng,2022,Menuju Informatif
937,dinas pertanian, Buleleng,2022,Menuju Informatif
938,badan perencanaan pembangunan, Buleleng,2022,Menuju Informatif
939,"dinas pengendalian penduduk, keluarga berencana, pemberdayaan perempuan dan perlindungan anak", Buleleng,2022,Menuju Informatif
940,badan penanggulangan bencana, Buleleng,2022,Menuju Informatif
941,dinas ketahanan pangan dan perikanan, Buleleng,2022,Menuju Informatif
942,satuan polisi pamong praja, Buleleng,2022,Menuju Informatif
943,dinas kebudayaan dan pariwisata, Buleleng,2022,Menuju Informatif
944,desa sambirenteng, Buleleng,2022,Informatif
945,desa gerokgak, Buleleng,2022,Menuju Informatif
946,desa banjar, Buleleng,2022,Menuju Informatif
947,desa alasangker, Buleleng,2022,Cukup Informatif
948,dinas komunikasi dan informatika , Tabanan,2022,Informatif
949,perumda air minum tirta amertha buana, Tabanan,2022,Informatif
950,perumda dharma santhika, Tabanan,2022,Informatif
951,komisi pemilihan umum, Tabanan,2022,Menuju Informatif
952,badan pengawasan pemilihan umum, Tabanan,2022,Menuju Informatif
953,kantor pertahanan, Tabanan,2022,Menuju Informatif
954,kantor pertanahan, Tabanan,2022,Menuju Informatif
955,badan pusat statistik, Tabanan,2022,Menuju Informatif
956,dinas kesehatan, Tabanan,2022,Menuju Informatif
957,dinas kependudukan dan pencatatan sipil, Tabanan,2022,Menuju Informatif
958,dinas pertanian, Tabanan,2022,Menuju Informatif
959,dinas koperasi dan usaha kecil menengah, Tabanan,2022,Menuju Informatif
960,dinas pariwisata, Tabanan,2022,Menuju Informatif
961,"dinas pekerja umum, penataan ruang, perumahan dan kawasan pemungkiman", Tabanan,2022,Menuju Informatif
962,badan kepegawaian dan pengembangan sumber daya manusia, Tabanan,2022,Menuju Informatif
963,satuan polisi pamong praja, Tabanan,2022,Menuju Informatif
964,dinas pendidikan , Tabanan,2022,Menuju Informatif
965,dinas tenaga kerja , Tabanan,2022,Menuju Informatif
966,badan penanggulangan bencana, Tabanan,2022,Menuju Informatif
967,"dinas sosial, pemberdayaan perempuan dan perlindungan anak", Tabanan,2022,Cukup Informatif
968,desa belimbing, Tabanan,2022,Informatif
969,desa bongan, Tabanan,2022,Cukup Informatif
970,desa tista, Tabanan,2022,Cukup Informatif
971,desa nyambu, Tabanan,2022,Kurang Informatif
972,dinas komunikasi dan informatika , Jembrana,2022,Informatif
973,perumda air minum tirta amertha jati, Jembrana,2022,Informatif
974,komisi pemilihan umum, Jembrana,2022,Informatif
975,kantor pertanahan, Jembrana,2022,Menuju Informatif
976,badan pusat statistik, Jembrana,2022,Menuju Informatif
977,dinas kesehatan, Jembrana,2022,Menuju Informatif
978,satuan polisi pamong praja, Jembrana,2022,Menuju Informatif
979,dinas kependudukan dan pencatatan sipil, Jembrana,2022,Menuju Informatif
980,"badan perencanaan pembangunan daerah, penelitian dan pengembangan", Jembrana,2022,Menuju Informatif
981,"dinas koperasi, usaha kecil menengah, perindustrian dan perdagangan", Jembrana,2022,Menuju Informatif
982,dinas sosial, Jembrana,2022,Menuju Informatif
983,badan kepegawaian dan pengembangan sumber daya manusia, Jembrana,2022,Menuju Informatif
984,"dinaspekerjaan umum dan penataan ruang, perumahan dan kawasan pemungkinam", Jembrana,2022,Menuju Informatif
985,badan penanggulangan bencana, Jembrana,2022,Menuju Informatif
986,badan pengelola keuangan dan aset daerah, Jembrana,2022,Menuju Informatif
987,dinas pertanian dan pangan, Jembrana,2022,Menuju Informatif
988,dinas pariwisata dan kebudayaan, Jembrana,2022,Menuju Informatif
989,desa warnasari, Jembrana,2022,Menuju Informatif
990,desa pengambengan , Jembrana,2022,Menuju Informatif
991,desa medoyo dauh tukad, Jembrana,2022,Cukup Informatif
992,dinas komunikasi dan informatika ,Denpasar,2022,Informatif
993,perumda air minum tirta sewakadarma,Denpasar,2022,Informatif
994,perumda pasar sewakadarma,Denpasar,2022,Informatif
995,komisi pemilihan umum ,Denpasar,2022,Menuju Informatif
996,badan pengawasan pemilihan umum,Denpasar,2022,Menuju Informatif
997,kantor pertanahan ,Denpasar,2022,Menuju Informatif
998,badan pusat statistik kabupaten,Denpasar,2022,Menuju Informatif
999,dinas kependudukan dan pencatata sipil,Denpasar,2022,Menuju Informatif
1000,badan perencanaan pembangunan daerah,Denpasar,2022,Menuju Informatif
1001,badan kepegawaian dan pengembangan sumber daya manusia,Denpasar,2022,Menuju Informatif
1002,badan penanggulangan bencana daerah,Denpasar,2022,Menuju Informatif
1003,"dinas koperasi usaha mikro, kecil dan menengah",Denpasar,2022,Menuju Informatif
1004,dinas lingkungan hidup dan kebersihan,Denpasar,2022,Menuju Informatif
1005,dinas kesehatan,Denpasar,2022,Menuju Informatif
1006,"dinas perumahan, kawasan permungkiman dan pertanahan",Denpasar,2022,Menuju Informatif
1007,dinas pekerja umum dan penataan ruang,Denpasar,2022,Menuju Informatif
1008,dinas pertanian,Denpasar,2022,Menuju Informatif
1009,satuan polisi pamong praja,Denpasar,2022,Menuju Informatif
1010,dinas perikanan dan ketahanan pangan,Denpasar,2022,Menuju Informatif
1011,dinas kebudayaan,Denpasar,2022,Informatif
1012,desa dangin puri kangin,Denpasar,2022,Cukup Informatif
1013,desa sumerta kelod,Denpasar,2022,Menuju Informatif
1014,desa sanur kauh,Denpasar,2022,Menuju Informatif
1015,Bappeda Kota Denpasar,Denpasar,2019,Informatif
1016,Balitbang Kota Denpasar,Denpasar,2019,Informatif
1017,DPMPTSP Kota Denpasar,Denpasar,2019,Informatif
1018,Dinas Kesehatan Kota Denpasar,Denpasar,2019,Informatif
1019,Dinas Sosial Kota Denpasar,Denpasar,2019,Informatif
1020,"Dinas Pengendalian, Penduduk Keluarga Berencana, Pemberdayaan Perempuan dan Perlindungan Anak Kota Denpasar",Denpasar,2019,Informatif
1021,ATR/BPN Kantah Kota Denpasar,Denpasar,2019,Informatif
1022,Perumda Tirta Sewakadarma Kota Denpasar,Denpasar,2019,Informatif
1023,PD Parkir Denpasar,Denpasar,2019,Informatif
1024,PD Pasar Kota Denpasar,Denpasar,2019,Informatif
1025,Kelurahan Pemecutan,Denpasar,2019,Informatif
1026,Desa Dangin Puri Kangin Kota Denpasar,Denpasar,2019,Informatif
1027,Dinas Komunikasi dan Informatika Kota Denpasar,Denpasar,2019,Informatif
1028,Bappeda Kabupaten Badung, Badung,2019,Informatif
1029,Balitbang Kabupaten Badung, Badung,2019,Informatif
1030,BKPSDM Kabupaten Badung, Badung,2019,Informatif
1031,Bapenda/Pasedahan Agung Kabupaten Badung, Badung,2019,Informatif
1032,Dinas Kebudayaan Kabupaten Badung, Badung,2019,Informatif
1033,Dinas Pertanian dan Pangan Kabupaten Badung, Badung,2019,Informatif
1034,DPMPTSP Kabupaten Badung, Badung,2019,Informatif
1035,Dinas Sosial Kabupaten Badung, Badung,2019,Informatif
1036,DPMD Kabupaten Badung, Badung,2019,Informatif
1037,"Dinas Pengendalian, Penduduk Keluarga Berencana, Pemberdaya Perempuan dan Perlindungan Anak Kabupaten Badung", Badung,2019,Informatif
1038,ATR/BPN Kantah Kabupaten Badung, Badung,2019,Informatif
1039,Kelurahan Lukluk, Badung,2019,Informatif
1040,Desa Punggul Kabupaten Badung, Badung,2019,Informatif
1041,Desa Kutuh Kabupaten Badung, Badung,2019,Informatif
1042,Diskominfo Kabupaten Badung, Badung,2019,Informatif
1043,Bappedalibang Kabupaten Karangasem, Karangasem,2019,Informatif
1044,Dinas Kebudayaan Kabupaten Karangasem, Karangasem,2019,Informatif
1045,Dinas Kesehatan Kabupaten Karangasem, Karangasem,2019,Informatif
1046,DPMD Kabupaten Karangasem, Karangasem,2019,Informatif
1047,Perumda Tirta Giri Tohlangkir Kabupaten Karangasem, Karangasem,2019,Informatif
1048,Desa Duda Timur Kabupaten Karangasem, Karangasem,2019,Informatif
1049,Dinas Komunikasi dan Informatika Kabupaten Karangasem, Karangasem,2019,Informatif
1050,BKPSDM Kabupaten Klungkung, Klungkung,2019,Informatif
1051,Kelurahan Semarapura Tengah, Klungkung,2019,Informatif
1052,Desa Akah Kabupaten Klungkung, Klungkung,2019,Informatif
1053,Desa Gelgel Kabupaten Klungkung, Klungkung,2019,Informatif
1054,BKPSDM Kabupaten Jembrana, Jembrana,2019,Informatif
1055,DPMPTSP Kabupaten Jembrana, Jembrana,2019,Informatif
1056,Kelurahan Tegalcangkring, Jembrana,2019,Informatif
1057,Desa Blimbingsari Kabupaten Jembrana, Jembrana,2019,Informatif
1058,Badan Keuangan Daerah Kabupaten Buleleng, Buleleng,2019,Informatif
1059,"Dinas Pengendalian Penduduk, Keluarga Berencana, Pemberdaya Perempuan dan Perlindungan Anak Kabupaten Buleleng", Buleleng,2019,Informatif
1060,Kelurahan Campaga, Buleleng,2019,Informatif
1061,Desa Munduk Kabupaten Buleleng, Buleleng,2019,Informatif
1062,Desa Pejarakan Kabupaten Buleleng, Buleleng,2019,Informatif
1063,Badan Keuangan Daerah (Bakeuda) Kabupaten Tabanan, Tabanan,2019,Informatif
1064,Dinas Pertanian Kabupaten Tabanan, Tabanan,2019,Informatif
1065,DPMD Kabupaten Tabanan, Tabanan,2019,Informatif
1066,Desa Beraban Kediri Kabupaten Tabanan, Tabanan,2019,Informatif
1067,Dinas Kebudayaan Kabupaten Gianyar, Gianyar,2019,Informatif
1068,Perumda Kabupaten Gianyar, Gianyar,2019,Informatif
1069,BPR Werdhi Sedana Kabupaten Gianyar, Gianyar,2019,Informatif
1070,Desa Peliatan Kabupaten Gianyar, Gianyar,2019,Informatif
1071,Desa Lebih Kabupaten Gianyar, Gianyar,2019,Informatif
1072,"Dinas Pertanian, Ketanganan Pangan dan Perikanan Kabupaten Bangli", Bangli,2019,Informatif
1073,Dinas Kesehatan Kabupaten Bangli, Bangli,2019,Informatif
1074,Dinas Sosial Kabupaten Bangli, Bangli,2019,Informatif
1075,ATR/BPN Kantah Kabupaten Bangli, Bangli,2019,Informatif
1076,Desa Demulih Kabupaten Bangli, Bangli,2019,Informatif
1077,Dinas Komunikasi dan Informatika Kota Denpasar,Denpasar,2016,Informatif
1078,Dinas Komunikasi dan Informatika Kabupaten Jembrana, Jembrana,2016,Informatif
1079,Dinas Komunikasi dan Informatika Kabupaten Karangasem, Karangasem,2016,Informatif
1080,Dinas Komunikasi dan Informatika Kabupaten Badung, Badung,2016,Informatif
1081,Dinas Komunikasi dan Informatika Kabupaten Tabanan, Tabanan,2016,Informatif
1082,Dinas Komunikasi dan Informatika Kabupaten Buleleng, Buleleng,2016,Informatif
1083,Dinas Komunikasi dan Informatika Kabupaten Bangli, Bangli,2016,Informatif
1084,Dinas Komunikasi dan Informatika Kabupaten Klungkung, Klungkung,2016,Informatif
1085,Dinas Komunikasi dan Informatika Kabupaten Gianyar, Gianyar,2016,Informatif